,red,blue,orange,green
0,A0A0B1SUP6/22-78,A0A444UHF4/205-251,V8PI35/170-226,A0A0D2VSA1/331-386
1,A0A0R3PDL0/185-241,A0A4X3PT32/231-271,S4S0A9/2-58,A0A1S3K519/199-253
2,A0A2G9V420/187-230,A0A423SP45/228-272,V8PDU1/16-63,A0A3Q0KGM2/259-306
3,G5ED66/188-244,A0A183WWF0/119-161,C3XTC9/13-69,A0A2B4RM58/123-179
4,A0A158PN68/305-361,A0A177B0K5/77-133,C3XTC8/1-57,A0A2B4SA69/950-1006
5,A0A0K0JB91/212-268,A0A0C2N8V5/167-223,V8PI35/455-511,A0A2B4RXT8/128-184
6,A0A4U8UPA0/222-278,A0A183WUC4/251-292,A0A091REW0/4-60,A0A4C1XFW6/34-90
7,A0A0B2VSG4/178-234,A0A3P7ZMH4/22-64,C3XTD2/8-64,V3ZZ31/1-56
8,A0A0I9N5S7/227-283,A0A183SLJ0/193-236,C3XTD1/10-66,T1EKA6/4-58
9,A0A183DFG3/14-70,T1JIU8/66-118,C3XTD0/11-67,T1EHI0/2-56
10,A0A0N4UAY4/181-237,A0A1V9X0N7/30-70,A0A2G8KR27/212-268,A0A2P4SQE7/126-182
11,A0A4U8UQQ1/192-248,C3Y2K3/543-598,M7AZP7/193-240,F1Q7K3/2061-2117
12,A0A158PN68/669-714,T1EKB1/5-58,W4XAJ3/70-126,A0A2G8LQU1/2361-2417
13,A0A090LP61/204-260,T1EHG7/9-62,A0A0B6VS88/194-250,A0A5B7EE69/336-392
14,H3F8H7/212-268,T1G890/5-58,W4XGW4/196-252,W4YNH1/2351-2407
15,A0A3S0ZJC1/343-399,T1EK52/8-62,Q66S38/188-244,K1Q9D5/1159-1215
16,E9HGJ8/1-55,T1EKA7/3-57,E4WZE4/221-277,A0A1S3I0Z9/2390-2446
17,A0A6A4X449/10-55,T1EKA8/3-57,A0A093BTB1/1-57,A0A077Z2H2/1073-1129
18,T1KR70/179-224,T1EX33/707-761,A0A223AB85/205-261,A0A183ILY5/577-624
19,A0A183J9R1/33-78,T1ELA9/7-61,Q90471/195-251,A0A0R3PWK5/289-345
20,A0A3S3P7A6/2-47,T1G6C1/26-79,Q675V3/208-264,A0A0N4V0D2/720-776
21,E0VG23/88-133,T1EHG8/7-60,A0A0N4YS53/2-58,A0A2A2KYD2/466-522
22,A0A2A2LHX6/53-97,T1ELA7/1-51,A0A4U5M721/225-281,A0A6A4WFC1/321-377
23,K1PQ27/45-89,A0A0L8GCM6/4-58,A0A1S4EDV1/72-128,Q1RLB9/64-120
24,A0A2B4RY87/109-165,B7PY37/25-76,A0A1Y3B2Z1/11-67,A0A1D1V9N5/1798-1854
25,A0A2B4RY87/252-308,T1ELA6/7-59,A0A4X3NRT9/212-268,T1EH58/7-63
26,A7SCD4/9-65,A0A4X3NVY5/121-177,A0A6G0V5Y5/351-407,A0A0G2KAT7/138-192
27,A7SCD0/18-74,A0A1V9XXS4/4-57,A0A1D1US58/158-214,M7BEM1/70-124
28,A0A2B4RSV5/57-113,A0A553PKN1/97-150,A0A1D1V251/154-210,A0A2G9S8S5/711-765
29,T1EKA1/1-57,B7P6Q8/9-63,T1KT92/349-405,A0A177B7R3/1785-1841
30,C3Z619/61-117,A0A5B8MJ13/133-181,A0A090L2C1/298-354,A0A4Z2FFP3/1782-1838
31,B0S606/72-128,A0A226D6H1/161-207,A0A1S3IX98/209-265,R7TPR7/22-73
32,A0A444UXC6/7-63,A0A443RCR3/534-574,A0A0L8HHI4/21-77,A0A0M0LR39/93-148
33,E4XS06/57-113,A0A2P6NXG8/814-869,R7UM68/7-63,A0A2P4SQE7/505-561
34,T1IUM6/72-128,A0A5E8BX41/651-694,A0A183SPQ7/422-478,A0A2G8LQU1/2612-2668
35,A0A3M7SVN1/104-160,L8GF88/235-290,A0A0R3W2Z0/178-234,W4YNH1/2646-2702
36,A0A1D1VFI2/66-122,L8H2R6/192-247,A0A5J4NJE5/450-493,A0A0G2KAT7/395-451
37,A7SCC9/6-62,Q54PU1/302-358,A0A267DJ18/264-320,A0A2G9S8S5/976-1032
38,F6SAH1/55-111,A0A507EBG2/124-179,A0A4E0RK87/359-415,A0A5B7EE69/592-648
39,A7RFR5/4-60,A0A1Y1X6N3/24-78,A0A183A6I2/264-313,E9FTE1/1707-1763
40,A0A2B4RXK9/53-109,A0A1Y1YAR8/1-55,A0A4V3SEC0/274-330,A0A553N9I1/2056-2112
41,A0A2B4RZ44/56-111,A0A1Y1YRA0/1-55,A0A3Q0KUV9/156-212,A0A553N9D0/2219-2275
42,A0A0B2VZ42/52-108,A0A1Y1Z4K2/24-78,A0A183VNM5/119-175,K1Q9D5/1402-1458
43,A0A0N4UZB7/39-83,A0A261Y4S2/42-96,E4WWQ4/245-301,Q1RLB9/388-444
44,A0A4X3PA21/35-91,A0A163J379/65-119,T1EHH5/1-57,A0A401QDD9/364-420
45,A0A016UY99/54-110,A0A168NRT8/51-105,Q4H3D0/391-447,A0A1J1J843/2636-2692
46,A0A0N4WXM6/43-99,A0A163JSE2/84-138,Q4H3C9/30-86,B4R2F6/1887-1943
47,A0A0D8XYN1/30-86,A0A2H9TJC6/191-245,E4WQU1/164-220,A0A4Z2FFP3/2206-2262
48,A0A158PHF1/82-138,A0A1Y1VJE9/42-96,R7UAI4/1-57,A0A1D1V9N5/2018-2074
49,A0A0N4Y6Y5/17-61,A0A177V6J9/385-439,V8PI35/589-645,T1EKB0/1-57
50,A0A2A2M177/7-63,A0A0D1CA32/327-381,V8PI35/705-761,A0A177B7R3/2002-2058
51,O44462/32-88,A0A316W2T3/560-614,A0A4Z2IX05/69-125,E4X0H0/706-762
52,A0A4U8V1H4/41-97,A0A0D7ADX2/15-64,A0A482WJ14/38-94,A0A6A4WFC1/538-594
53,O73592/59-115,A0A1C7LTG6/111-166,A0A177B5N1/228-284,A0A077Z2H2/1287-1343
54,Q9WUI0/87-143,A0A0C3E8I9/1-50,A0A077YWY3/12-68,A0A158R762/706-762
55,A0A4Z2HUK1/224-280,A0A0H2RCL1/113-162,A0A0L8ICN6/9-65,A0A3P6T085/424-480
56,A0A662YT21/11-67,A0A0C3S1Y4/1-55,A0A0R3VTK2/65-121,M7BMG4/184-240
57,A0A3Q0IR89/123-179,A0A0C3G748/45-94,A0A3M7RRQ5/111-167,A0A4Z2GF75/234-290
58,A0A1S3JYD8/138-194,A0A1R1PL50/15-70,A0A1D2NKX6/49-105,A0A2R8QQY9/138-184
59,A0A6A4VX06/136-192,A0A2T9YCN8/15-70,H9JA48/317-373,F6P152/150-206
60,A0A553NPB9/177-233,A0A2G5B4L6/1-55,P13545/191-247,A0A6J1TFL5/13-69
61,A0A1V9WY98/23-76,A0A137NUZ5/54-108,T1G6Z6/31-87,A0A1J1I783/85-141
62,C3YJJ6/98-153,A0A0C3KBT2/24-79,A0A2G9RVU3/357-413,A0A5N5T1V3/129-185
63,A7SA96/15-70,A0A0C3QT00/42-96,T1G703/2-58,V3ZZC7/170-226
64,B3RUB8/2-58,A0A0K6GAI6/67-121,Q9PWM5/136-192,A0A1S3JNH1/148-204
65,V3ZQ03/3-58,A0A2T9Z0M6/39-93,A0A433U927/105-161,A0A183IJJ2/67-123
66,A0A3S1BKK6/313-368,A0A4P9ZWT7/1-55,V4AG11/12-68,A0A1D1V9E8/213-269
67,A0A6J8CQP8/26-81,A0A137NUM5/1-55,A0A183SIP1/68-124,A0A1Y3BKR6/258-314
68,K1QG81/38-93,A0A4S4LUR0/11-63,A0A0L8FRS0/7-63,E9FUD2/141-197
69,A0A2T7NBR8/98-154,L2GN12/92-147,T1KT97/23-79,A0A2A2K6Q9/84-140
70,E9G6Q4/5-61,A0A1W0E927/27-82,A0A6A4WYD9/106-162,G5EEA1/240-296
71,V3Z594/2-58,A0A1Y1S7W0/17-71,A0A1S3D8R5/206-262,A0A0N4XTE8/42-98
72,A0A444V2P8/145-201,A0A168QBV9/85-140,A0A6A4JD81/168-224,A0A0M3K292/225-273
73,A0A1V9Y306/79-135,A0A168RLQ1/123-178,B4QYX9/258-314,A0A4X3NR80/208-256
74,A0A1D2M3G2/66-122,A0A4Q0A0Q0/1-56,A0A1V9X447/5-53,A0A0L8HIM1/10-66
75,A0A433TIL1/319-375,A0A2G5BKL1/4-59,A0A4Z2FCB6/154-210,T1G8C6/221-266
76,A0A6J1T1H8/193-249,A0A2T9XYM9/223-278,A0A0B1TKE0/14-70,A0A2T7NLM6/140-196
77,A0A158P2X2/124-180,A0A261Y2M2/39-94,E4XJM1/87-143,K1RII0/188-244
78,Q9XZU0/11-67,A0A433PH59/43-98,T1G874/116-172,A0A3Q0KNN8/348-404
79,A0A1J1HN77/6-62,A0A261Y2P2/35-90,A0A1D1V2Q0/201-257,A0A0R3WDI9/164-209
80,A0A4C1SGE1/273-329,A0A1Y1VJH0/36-91,T1KTA5/331-387,A0A3P7LYV0/92-131
81,R7VLA1/2-58,A0A1Y1VNK3/34-89,A0A6A4WQV0/159-215,A0A3S1AUU5/1725-1781
82,A0A4U5NI75/166-222,A0A1Y1WU24/1-56,A0A653BE88/263-319,A0A6J8DJB6/184-240
83,Q21836/118-174,A0A1Y1Y3P6/1-56,A0A1D1UM89/290-346,R7UAU5/3-59
84,A0A0N4UCC0/158-214,A0A1Y1YJL5/1-56,S4S0S8/2-58,T1HA20/31-87
85,E4WQK8/127-183,A0A1Y1YMZ2/1-56,A0A3P6NPH4/201-257,A0A2B4SBK3/133-189
86,A0A1X7VQA7/83-139,A0A1Y1XTL4/6-61,A0A2A2JBH1/25-81,A0A2A2LJY1/95-151
87,T1K6M6/214-270,A0A2H9TGD3/6-61,A0A6G0V344/151-207,A0A0N4VAP6/213-279
88,A0A423SSZ0/178-234,L8H1X1/494-539,A0A077YW56/18-74,C3ZG20/202-258
89,C3ZRE1/10-66,L8H802/366-422,A0A226EEM8/160-216,T1EKE7/204-260
90,V4B1Z7/10-66,L8HA67/583-638,F5HK01/269-325,A0A0V0XM80/274-330
91,A0A1D1V810/104-160,L8H8U3/389-444,A0A482XIY0/287-343,A0A0L8IH86/373-429
92,H9JD74/24-69,L8GZT7/520-575,W4XP37/241-297,A0A3Q0KI86/647-703
93,A0A1X7UKB5/216-272,L8GGA5/507-561,A0A2P8Y450/14-69,A0A443RKJ5/55-111
94,A0A6G0UM03/181-237,L8HCI5/209-264,A0A183IAV5/29-85,E9HQZ7/193-249
95,A0A4U5NJ45/120-176,L8GKM4/56-111,A0A1J1I4C5/346-392,F1R0M6/200-256
96,R7UG11/2-58,A0A0C3SEV4/32-87,V8PI35/978-1034,A0A3P8JSU0/309-365
97,A0A3M0JHY3/41-97,A0A0C3G106/98-153,E0VKK9/193-249,A0A4E0RRD9/571-627
98,R4GH34/122-178,A0A0C9SR86/92-147,A0A267DYM4/114-170,R7TTU8/306-362
99,A0A3M7RKV3/79-135,A0A4S8MJZ8/213-268,A0A2G9S2C7/162-218,T1KXH3/257-313
100,A0A2G8KGF7/87-134,J4H4B4/65-120,A0A653DV24/8-64,A0A5J4NSB0/592-648
101,A0A0N4U3A6/68-124,A0A067MJX4/88-143,T1J3A2/89-145,B3RP90/157-213
102,A0A4U8UQC0/114-170,A0A0C3LJJ1/34-79,B7Q9V0/221-277,A0A0L8IAT7/264-309
103,A0A0B2V2C5/926-982,A0A5C3Q6Y1/63-119,A0A1D1V0S4/295-351,B7QG23/2-55
104,A0A5S6PWE8/73-129,A0A2A9NGG9/83-138,A0NEX8/36-92,A0A226EGA1/165-210
105,A0A3P6SMY1/19-67,G4TNH2/61-117,Q9BK03/80-136,A0A553NAZ2/387-443
106,V3ZUI4/2-58,D8Q507/37-87,A0A1W3JJN3/368-424,A0A553ND56/377-433
107,A0A1X7V0T7/150-206,A8P4I9/63-119,A0A4Z2GDJ8/191-247,A0A3M7T5K1/184-240
108,T1G4S8/6-62,L8H3F0/559-613,A0A2F0B845/177-233,A0A158R828/179-235
109,V3ZSX8/2-58,L8GT52/511-565,T1KHX1/23-79,A0A4S2LL17/282-338
110,B3S8D6/2-58,L8GXK9/170-220,A0A177BD86/96-152,A0A3P7D3F1/270-332
111,A0A6J1T1T3/94-150,L8HD77/292-346,A0A3M7Q5B0/19-75,A0A443RKJ2/1-43
112,A0A2G8LAP4/124-171,U5H6U6/86-141,C3XTD8/2-58,A0A401Q658/124-180
113,B3RUC1/2-58,A0A4T0FD05/12-68,T1G3G5/2-58,A0A4Z2EYM1/1165-1210
114,A7RMS9/17-73,M5G6V7/27-82,V3ZSK0/11-67,A0A0R3W3N7/91-147
115,E0VGG9/8-64,P34161/177-233,T1ED02/139-195,E4XWD1/127-183
116,Q5TSB7/27-83,A0A1D2VLN4/298-354,R7U4M8/164-220,A0A177B8Q2/425-481
117,T1J2Z1/34-90,A0A0D2AAG4/51-107,A0A4Z2JGJ1/145-201,A0A4Z2GWV0/800-856
118,A0A1J1J4S5/26-82,D4B017/57-106,A0A183T0J6/132-188,R7U2Q3/1-57
119,A0A6J1RWV8/25-81,A0A168BQV4/113-157,A0A4E0S3X0/144-200,A0A0D2X0Y4/144-200
120,T1G9W1/25-72,H0EX25/28-72,A0A5K4FCB2/206-262,A0A2G9UCI9/10-54
121,A0A1D2NED9/33-89,A0A1Y1Y4S3/33-89,P28174/146-202,A0A1V9XK82/4-60
122,A0A226E0D8/37-93,A0A1Y1Z518/5-61,A0A2B4SET8/143-199,W4XF11/281-337
123,N1PB35/29-85,A0A1Y1XZ59/1-56,A7RGM8/81-136,A0A3S1BRV2/146-202
124,A0A2G8JI44/94-150,A0A1Y1XXP6/1-56,A0A2B4SXU9/134-189,A0A0R3W9A7/202-258
125,R7UN25/6-62,A0A261Y4R6/716-772,A0A077YW15/46-102,A0A5K4FBF9/122-178
126,Q19AW1/47-103,A0A316UU87/256-312,A0A183IPW7/18-74,A0A553NDS2/156-212
127,A0A2A2L610/150-206,A0A2N1JBQ7/24-89,A0A5J4NS57/84-140,A0A077YXR4/184-240
128,A0A183CWZ3/131-187,A0A316W9F4/298-353,A0A4S2MJG6/241-297,A0A3P6IZW6/163-219
129,A0A016WIY9/133-194,A0A0D1D013/260-315,A0A183AZ37/69-125,A0A2A2JZP2/37-93
130,A0A3M7Q8E7/69-125,A0A433P7D5/36-89,A0A0R3W3Z1/92-148,E4XJG2/170-226
131,J9LXA6/149-205,R1BZI1/54-109,A0A3P7L7V0/57-113,A0A3M7T330/297-353
132,A0A1Y3AM40/15-60,A0A0M0JQL4/253-308,B4QYW8/44-100,A0A5N5SY75/94-150
133,T1JVW3/75-120,A0A4Q9LJI4/26-82,B4QYX0/91-147,F1LZ08/157-213
134,B4QB14/113-169,A0A177EI84/78-134,W4XAJ1/20-76,A0A443RJ64/221-270
135,A0A077ZAP0/257-313,A0A316UN59/83-139,A7S274/2-58,A0A1D1VQ98/192-237
136,A0A3M7PMJ9/171-227,A0A1Y2I117/1-51,A7S272/100-156,E7F0K1/155-206
137,A0A4X3NRS2/186-238,J9DC44/790-845,A0A2G8KR75/157-213,A0A1X7UW97/24-80
138,B8A4X8/14-70,L2GLV9/7-62,T1G8H3/6-50,A0A444V6B9/99-155
139,A0A3S4RA14/62-118,A0A0R0M096/9-64,T1EJU4/4-60,A0A5K4F0W4/976-1032
140,R7VLQ3/8-64,Q8SVD3/8-62,B7PFA1/1-57,A0A2B4RLR2/58-114
141,C3Y5F3/113-169,Q5KDM4/316-368,A0A6A4WYV9/128-184,H2XYZ0/216-272
142,K1QC82/102-158,A0A2G5BB11/15-69,A0A433U4D2/233-289,E4XDF6/165-221
143,A0A0L8HB70/220-265,A0A060SDT0/102-158,A0A3M7Q7I9/96-152,A0A553NYW9/178-234
144,A0A210R1D0/70-115,A0A0H2RYN1/195-251,A0A1D2NL85/292-348,A0A6H5IA64/259-315
145,A0A1X7UM72/79-135,A0A4S4LRQ1/261-317,B4QKI7/227-283,A0A3P7MGU8/169-214
146,E9HTH0/3-59,K5XCA1/235-291,Q8T5I6/197-253,B3S6L5/179-235
147,A0A1D1VTE1/203-259,A0A4S8M054/263-319,A0A1J1IYG7/165-211,A0A177B7B5/252-308
148,A0A077ZF97/50-95,A0A0C2WLU2/261-317,A0A1V9XL19/154-210,T1JUG1/264-319
149,A0A4U5P9W0/210-266,A0A5C3QKC0/291-347,B3SD77/126-182,A0A0C2H9G6/33-89
150,A0A2G9V495/37-93,A0A165A3F3/207-263,A7RS10/124-180,A0A183IHS6/187-243
151,Q94398/61-117,A0A0C3G6H2/266-322,F6SKT1/281-337,A0A0V0XST5/218-274
152,A0A6G0URE3/70-118,D8Q902/222-277,A0A6J1TNW1/24-80,A0A158QP88/119-175
153,A0A183VNN0/125-181,A0A0D7A130/251-306,S4R702/3-59,A0A5B7K8B9/74-125
154,A0A4E0RL97/110-166,A0A165EZM6/88-134,E4WW44/156-212,B3RNV9/141-197
155,T1G8Q9/1-46,A0A0C3L6U2/256-310,T1GUT2/140-195,A0A0R3W9A5/198-254
156,A0A3S1B5H3/12-56,A0A067N0Q6/300-355,T1KYK9/76-131,A0A4S2L8C6/313-369
157,A0A132A8D7/72-128,A0A4S4M8S1/736-782,T1G9N8/250-307,A0A4E0QXH4/150-206
158,R7UUL8/4-60,Q6C5S8/179-233,A0A653D5S5/11-67,A0A5K4EU14/321-377
159,K1QTQ2/67-123,A0A1E3QET2/381-435,A0A077YW15/205-259,A0A6A4J7P5/18-74
160,A0A6A4W5N6/63-119,A0A167CUM6/708-762,A0A183IWK9/16-70,T1GV64/94-150
161,C3YTQ4/5-61,A0A1E3PKR9/352-404,A0A6H5ICA4/1727-1781,F6NUH5/88-144
162,T1G0U8/11-67,A0A5E8BNZ2/552-606,A0A183VMG8/58-112,T1KH00/94-150
163,A0A6A4JSY7/50-106,A0A4P9ZQD8/6-61,A0A4E0R654/576-630,T1HRJ0/124-180
164,Q7PXM7/24-80,A0A1Y1Y6M5/1-56,Q98SH9/218-272,A0A6J8AXB1/166-222
165,E0VWZ9/87-143,A0A1Y1Y5S4/15-69,A0A444U6T6/209-263,A0A6J8AWI0/188-244
166,A0A1J1HXF8/136-192,A0A261Y6W3/439-493,M7AZQ2/6-60,R7TPZ8/165-221
167,A0A1D1VA65/74-130,A0A397TSP1/3-58,E4X2Q1/164-218,A0A1D1VCA8/237-293
168,W4YT12/167-223,A0A433P8J7/505-560,A0A4Z2IZ00/218-272,A0A183IGD8/71-127
169,A0A4C1UMY4/144-200,A0A0E9NDS8/624-678,A0A1D1UQL4/350-404,Q4H389/393-449
170,D6W9T0/66-122,A0A1U7LME2/158-212,M7BHH0/25-79,T1GUP4/205-255
171,Q9W1U7/118-174,R4X782/155-210,A0A1Y3AV81/73-118,A0A0N4UYL4/117-173
172,A0A2P8XEU2/95-142,A0A168QLE1/51-104,A0A3P7LIZ0/53-106,A0A2G9V1T9/15-71
173,A0A226EN66/241-297,A0A1Y1WVR0/4-57,A0A3M0KZC4/23-79,A0A6G0USS1/199-255
174,A0A267FP41/161-217,A0A168M1U1/140-194,H3FCR2/99-153,A0A4U5NFV0/221-277
175,A0A5B7H9P7/76-122,A0A168RRY5/209-264,A0A2G9TSU8/12-66,G4RV72/187-243
176,E9G358/1-54,A0A507EDB8/199-253,A0A2A2L5N2/96-150,A0A3P6P0N1/87-142
177,T1G6X5/2-58,A0A1Y2GR25/2-55,A0A4U5N5Q7/173-227,A0A2B4S3W4/206-262
178,B3S4J1/1-57,A0A163IYS1/138-194,A0A0B2VKP9/93-147,A0A5J4NK93/112-168
179,A0A1S3JT19/109-165,A0A139ACV8/107-157,A0A090LDX2/193-247,A0A5K4F9S6/331-387
180,A0A6J8BBK9/64-120,A0A139A238/109-159,A0A6G0V5T0/189-243,Q5EVH9/238-294
181,K1Q583/103-159,A0A4P9WH78/2-54,A0A3P6IQ16/25-70,A0A1J1J6Z9/263-310
182,A0A210QT94/103-159,A0A2H9TL77/66-120,A0A0R3W2I9/55-109,A0A183ST15/250-306
183,C3ZM10/143-199,G4TFD0/438-493,A7RRW6/3-58,A0A3M7Q9H1/228-284
184,A0A3S0ZFX5/353-409,A0A137P5S4/1-50,A0A2B4SXG7/75-129,A0A267EXC5/100-156
185,A0A091R953/90-146,A0A1Y1XT02/17-73,A0A2B4SWK3/140-195,E4WWI0/253-310
186,F1M478/79-135,M5FVC7/331-386,A7RS07/1-56,R7U2A3/185-240
187,A0A401Q0T3/77-133,A0A4P9WFA1/198-250,A0A2B4SXU5/142-197,A0A1X7ULH0/206-261
188,A0A2G9RWV9/141-197,A0A137NTL3/23-75,A0A2J7RRS6/47-103,A0A177AZ73/412-463
189,A0A2G8LBQ3/118-174,A0A137NTG9/1-50,A0A3M7PLW4/331-387,A0A177B847/172-228
190,W4YLW5/76-132,A0A137NTX7/17-70,A0A5N5SIQ6/41-97,A0A177B3D0/33-89
191,V4B058/72-128,A0A137NTQ0/118-169,J9L6T5/186-242,F5HJY4/461-516
192,R7TGS1/6-62,A0A137NTG2/9-62,A0A0B2VDI9/54-108,A0A4C1YYY5/381-436
193,Q4H2X3/44-100,A0A0C9SQ57/60-105,A0A4Z2FRG2/210-266,A0A1J1J3C6/527-582
194,R7TJ46/2-58,A0A098VVU9/96-152,A0A6A4IUR0/40-96,B4R298/700-755
195,A0A2B4STF3/94-150,A0A1X0QE93/91-146,E4X664/103-159,A0A6J1SR70/482-537
196,A0A6H5IJB4/13-69,Q8SVT3/35-90,J9L9Y2/34-90,D6X479/449-504
197,A0A226EZT7/65-131,A0A437AJ37/21-76,A7SR28/17-73,A0A0T6BB70/543-598
198,B3S8D5/1-57,A0A177ECT7/30-85,A0A2B4SV66/157-213,E0V9Q0/481-536
199,A0A553NNK6/105-161,Q8SVT6/29-84,A0A091QXK0/15-71,A0A2P8ZK99/490-545
200,F6XUF7/268-324,L2GX38/7-63,T1J626/76-132,T1HZC3/382-437
201,A0A2G8LMD8/80-124,A0A167WLQ5/105-162,A0A139WNN6/36-92,A0A482XRL1/544-599
202,A0A1Y3BKF9/246-292,R4XBJ9/207-262,Q8T600/146-202,A0A6H5GAF9/489-544
203,A0A443QUM5/66-111,A0A0E9NSG8/167-224,R7UC57/120-176,A0A3Q0J2U4/318-373
204,A0A6A4VWA7/52-96,A0A1Y2GYZ1/6-59,A0A3M7PU57/291-347,X1WJD9/596-651
205,A0A0V0Y6S7/44-100,A0A1Y2G608/2-57,A7SR27/15-71,A0A6A4JDB0/439-494
206,A0A077Z2A8/57-113,A0A1Y1VJD7/204-260,A0A2B4SVH8/134-190,A0A5B7D9V4/515-570
207,A0A1V9X5K7/267-323,A0A137P962/1-54,A0A6A4WJC5/145-201,A0A3R7NNH7/579-634
208,A0A6A4J0P5/98-154,A0A4Q9KRD5/73-116,A0A1J1I5V4/225-281,A0A5N5SXK5/468-523
209,A0A226E712/310-366,A0A4P9WDU7/17-65,T1I9F1/61-117,A0A6H5IZK5/698-753
210,A0A158NBG9/416-472,A0A2P6NZC6/293-347,A0A226DDQ8/262-318,A0A158NP12/457-512
211,A0A6J1TT12/418-474,A0A2P6NY68/41-97,A0A553NVF5/18-74,A0A210QBE1/655-710
212,A0A3S3S6J1/243-299,R1FHB9/40-81,A0A482XH59/12-68,A0A6J8D474/583-638
213,T1JTX3/296-352,A0A4T0G022/311-357,T1G527/4-60,A0A0L8I9C6/533-588
214,E9H634/459-515,A0A2P6NYW9/43-97,A0A4S2LZK1/454-510,V4BFH7/529-584
215,M9PFA4/385-429,L8GVY5/15-64,Q9VCY0/87-143,A0A1S3H207/685-740
216,A0A5B7DQ91/67-123,L8HAP1/76-125,A0A6J1SG41/72-128,A0A553NT31/629-684
217,A7SCC8/330-386,Q5BE13/43-96,A0A653CLV8/134-190,A0A553NV89/396-451
218,A0A0L8FUB5/19-75,A0A162IL39/76-129,A0A1D1VVF9/154-210,A0A1D2NHY7/483-538
219,A0A210PLQ9/217-273,A0A165JIJ8/31-85,A0A1V9XI35/125-181,T1JG32/444-499
220,A0A433U0U0/291-347,W3XNU8/70-121,E0VS56/3-57,A0A1Y3BNC6/464-519
221,V4BGK7/2-58,A0A369GTS6/65-116,T1J0H1/73-129,E9GMV9/647-702
222,K1QWY6/231-287,V5IPF0/71-121,T1KJK0/82-138,H9IZ66/451-506
223,A0A2G8JZI5/241-297,A0A425BK06/16-65,W4Z6V1/21-64,A0A6G0UU55/263-318
224,W4YTI6/316-372,A0A545A419/54-102,B7QK88/2-46,A0A2G9TXW7/83-138
225,A0A553P8E5/183-239,G4NDX0/89-139,H9JFW2/101-145,H3E9J1/235-290
226,A0A6A4X135/134-179,U7PUQ2/76-124,A0A4C1WSI4/24-66,A0A077YWL4/291-345
227,V4AMZ8/173-229,A0A2P2SXW9/70-120,Q4H363/117-173,T1G8Z7/140-195
228,M7BHB7/33-89,A0A0S6XPG3/69-120,J9L2C3/72-128,A0A1D1UH28/573-626
229,A0A553PQD1/204-260,A0A0D2AJS5/56-107,A0A3P7RNE3/68-113,A0A2A2J8X8/177-233
230,A0A6A4VNH4/188-244,A0A4U0WIS9/61-112,A0A0R3W944/152-195,A0A2G9UHY6/22-65
231,T1KZY5/199-255,R7YIK7/53-104,A0A132A2P7/84-134,M7BAM0/216-255
232,A0A226EKE8/200-260,A0A1Z5TML1/58-109,C3YZC6/9-64,A7SWM8/22-78
233,R7TKD0/170-226,A0A6G1GH15/94-145,T1JRP7/151-206,F1QBG1/2-48
234,A0A2P8ZNV7/39-95,A0A3N4M4J4/53-102,A0A6H5J1F2/465-520,A6NLW8/102-155
235,J9JWY0/183-239,A0A164SNU6/7-61,Q02814/3-58,O43812/95-150
236,A0A653D645/21-77,A0A316VTC8/62-116,A0A2P4TIK0/148-210,G3UX37/95-149
237,A0A1J1HU06/172-228,A0A507FJW4/189-243,A0A4Z2HFW3/151-206,A0JPE5/25-78
238,A0A553PPT4/185-241,A0A507FJW4/527-581,A0A433T4Z9/91-146,V8P4T8/19-73
239,A0A423SV46/154-210,A0A507EBY5/136-190,F6YJR3/217-272,A7RSY8/1-55
240,B4QD61/186-242,A0A507EDR5/460-513,A0A2P4S4R8/7-66,A0A2A2JJF0/141-197
241,A0A553PN40/187-243,A0A507EB06/326-380,A0A1J1HEV4/197-252,A0A3M7T6H1/122-178
242,E9G541/185-241,A0A507ERN7/172-227,A0A1V9XKG0/123-178,A0A3M7RHH5/111-167
243,P06601/214-270,A0A507DNL9/207-261,A0A553P7P5/296-351,A0A3M7SK90/218-274
244,E4XI61/167-223,A0A507EL48/125-180,T1J8B4/186-241,A0A6J8D3N8/11-67
245,T1FMW8/196-252,A0A507ETF1/323-374,T1IP47/307-362,A0A6J8DWV1/10-66
246,A0A158NQ28/179-235,A0A507EPL4/192-242,J9LJL7/259-314,K1PYP9/12-67
247,A0A6A4VNY9/176-232,A0A507FN85/205-255,A0A177BCS8/380-435,K1PJF6/13-68
248,A7SI37/16-72,A0A507EDJ1/243-296,A0A4C1T2G3/13-68,V4AQ16/20-75
249,A0A2B4SZB5/149-205,A0A507FKA5/163-218,R7TXI6/244-299,V4ALV7/22-77
250,A0A2B4T070/488-544,A0A507ET48/230-285,A0A3M7S763/250-305,A0A210PNY9/14-69
251,Q5IGV3/237-293,A0A507EB12/375-430,A0A139WIX9/158-214,A0A2G8KKX2/95-151
252,E9HUK7/219-264,A0A507DJB1/219-271,A0A653C9K5/189-245,W4YPA8/43-99
253,T1G8F8/171-227,A0A507DIC7/183-236,E4XQ46/155-210,A0A177B436/73-128
254,A0A3Q0IJ34/178-234,R1E3I7/4-58,Q5EVF1/125-180,A0A177B489/89-144
255,Q7PRH9/126-172,R1CIB4/21-76,V4B4D7/8-63,A0A158QBA6/86-131
256,A0A3R7PC94/174-230,R1EIF7/660-716,A0A6J8AUN1/171-226,A0A2A2J1X3/111-154
257,B3S5D3/232-288,R1DL96/369-424,A0A6A4WCC2/147-202,A0A091QV90/4-60
258,A7RN74/227-283,R1EDN9/11-66,A0A158NXC3/454-509,A0A4Z2J8I0/305-357
259,A0A2B4SWY0/225-281,R1B577/45-88,A0A0L8H2F4/7-62,A0A1X7VPD0/58-114
260,A0A553P8T0/278-322,R1B2T4/54-107,S4R703/11-64,C3XS51/1-57
261,A0A6J8CSD9/109-165,R1FAR9/50-103,A0A077YV51/217-272,R7T989/4-60
262,B3S644/189-245,A0A0M0LQL2/212-256,A0A0V0YLI6/245-300,F1R8X3/117-172
263,E9GEU7/5-61,A0A507DUL2/195-238,A0A1D1V9Y2/247-302,A0A444U6A6/140-195
264,A0A2G8KKP7/257-313,A0A507EKA0/180-235,P34766/208-263,A0A4Z2HZP3/152-207
265,T1FZ21/39-95,A0A0M0JRZ2/61-115,A0A016VTG4/160-215,Q8NHV9/104-160
266,T1J456/61-111,A0A0M0JZE0/316-369,A0A0H5SNQ7/215-270,A0A6J8CQ10/202-258
267,A0A1D1VLJ1/17-73,A0A0M0JNY2/406-459,A0A090L5E4/268-323,V4AA12/1-57
268,E4X173/86-142,A0A137P9R4/157-213,A0A2A2K500/244-299,V4ACK5/2-58
269,A0A5N5STK9/113-161,A0A210QFC4/36-88,H3DY60/270-325,A0A210QR90/198-253
270,A7S5Q7/4-59,A0A4Y9ZCP3/27-83,A0A4V6A269/106-161,A0A6J8CQL9/162-218
271,A0A2B4RFZ0/91-146,A0A060SLD0/77-133,A0A0N4V6B5/189-240,A0A6J8CL83/164-220
272,A0A183VPW2/113-169,J4IAX2/44-100,T1EHQ4/3-53,A0A6J8CL77/207-263
273,A0A4E0RMJ2/87-143,A0A0C3PV98/43-99,A0A3M7RNZ7/238-293,V4B2G8/959-1015
274,A0A4S2L8F8/171-227,K5Y724/19-75,A0A267GU37/127-182,C3Y2G4/224-280
275,K1QLM4/387-443,A8N329/28-84,A0A267DA12/274-329,V3ZU67/122-178
276,E9FV98/2-58,A0A4Q2DVW4/32-88,A0A6G0UTM4/188-236,A7RKV8/475-520
277,A0A553NV56/95-151,A0A2A9NWY4/28-84,A0A0N4UJR2/32-81,A0A2B4SPW9/86-142
278,A0A6A4VMC3/106-162,A0A4S8MTU3/15-71,A0A3Q0INK4/310-365,A7RKV8/544-587
279,V3ZS59/12-68,A0A0C2TW07/28-84,A0A2P8XCJ1/10-66,H3FYA4/33-88
280,W4XEC6/330-386,A0A0C3EQI3/67-123,A7RSC0/1-57,A0A1X7VK02/51-107
281,A0A2A2JMJ7/83-139,A0A0C3CGS4/27-83,A0A2B4S9K5/99-155,A0A0L0DEE9/169-225
282,A0A1D1VTF6/120-176,A0A0D7A673/27-83,A0A5B7CQN9/56-112,A0A0L0DIA2/450-506
283,A0A016S0L2/71-127,D8PMP8/13-69,A0A2P8XD67/10-65,E4XTE1/71-126
284,T1JBM4/127-183,A0A4S4LG97/41-97,A0A2P8XE19/7-59,M1VIN3/135-187
285,F6XHU3/134-190,A0A0H2RP97/12-68,A0A2P8XE22/1-52,A0A2B4RQW4/151-207
286,T1K180/187-243,A0A5C3QXT5/18-73,A0A183W4L9/36-91,A7RTM6/1-57
287,A0A2T7Q0F2/199-255,A0A1Q3EA62/2-45,Q26603/39-94,R7TUR1/183-229
288,A0A3M7QTV9/204-260,A0A0K6FX44/67-122,A0A2F0AZ38/29-85,A0A0L0FFR4/24-80
289,A0A183IGQ9/143-188,A0A067M9H9/87-142,F1M4Z8/155-211,A0A2P4SQE7/831-887
290,T1I5Z5/18-63,A0A165B7H1/38-93,E4Y2G6/123-179,A0A401PLN9/2906-2962
291,A0A553NTW7/140-196,A0A0C3QWU6/35-90,T1EK16/1-58,A0A091QD77/1661-1717
292,A0A2G8K2S1/57-112,A0A1C7MPG5/52-108,A0A6H5HCJ4/205-250,C3ZBH5/2730-2786
293,A0A2B4SP45/79-134,A0A0C3NC59/42-98,T1G140/3-59,F1Q7K3/2731-2787
294,C3Z6Z4/71-126,A0A4S4LL08/75-131,A7SDF9/3-58,A0A0G2KAT7/604-660
295,T1EHD8/1-56,A0A4Y9Z9P1/98-162,A0A4C1VML8/2-52,A0A2G9S8S5/1326-1382
296,A0A1J1IY55/100-156,J4IAL5/53-109,A0A1X7VMI1/609-665,A0A5B7EE69/765-821
297,Q9VX20/159-215,A0A060SEN0/61-100,A0A4U8V2E6/25-81,H9JR61/2605-2661
298,E4X2Y3/94-150,A0A0C3GDG7/51-106,A0A0B2V2J8/13-69,E9FTE1/2021-2077
299,A0A177AUM5/164-220,A0A5C3QNV7/35-89,A0A6G0V3I6/1836-1892,T1J493/1441-1497
300,T1G079/2-58,A0A0C3AZ23/573-626,T1EI59/4-60,A0A0L8HZL6/2271-2327
301,A0A2R2MSK5/13-68,A0A5M3N6T6/33-86,T1ELB1/2-58,V3YXS2/2227-2283
302,Q0N4A8/2-58,A0A0C3FWY8/29-83,V3ZVS2/14-70,A0A210QGX1/2908-2964
303,A0A2B4SNF5/74-130,J4HX71/39-92,K1QXJ5/198-254,A0A1V9XCX7/196-252
304,A0A0R4IJ70/85-141,A0A1C7MWS1/35-87,A0A4S2MDM8/299-355,A0A1S3I0Z9/2949-3005
305,C3Z6Z1/105-161,A0A060SF18/40-94,A0A183ABA2/308-364,E0VGR2/2972-3028
306,M7AYI6/3165-3209,A0A0C3SF91/142-199,A0A3Q0KM95/152-208,J9JQG8/2830-2886
307,H2XMD3/112-157,A0A4Y9Z7Q3/856-910,K1S2R0/165-221,T1JZP0/3314-3370
308,A0A1V9XZ20/45-89,A0A4Y9Z8Z9/34-78,A0A210QXY1/192-248,A0A5N5SY24/1533-1589
309,W2SPX5/40-91,A0A5P1F9J9/55-111,V3ZL81/1-57,A0A6A4JTZ5/124-180
310,A0A2T7PWK3/124-179,A0A0P0XPZ2/2-58,E9H245/2-58,A0A1D2NDJ1/304-360
311,A0A0R3PDU1/18-61,A0A2K3MRE1/55-110,A0A5B7DRG8/56-112,A0A6A4WKD9/500-556
312,R7UWA1/32-88,M0U813/115-170,A0A1D1US53/248-304,A0A401QDD9/572-628
313,A0A433U1I5/12-68,I1LDT8/54-109,A0A2I0UR41/24-80,Q1RLB9/722-778
314,V3ZRS6/133-189,A0A2K3PM77/57-112,C3XYK2/119-175,A0A2G8LQU1/2872-2928
315,V8PEC8/15-71,M0RP09/114-169,C3YRD5/183-239,W4YNH1/2911-2967
316,A0A2G9TFV4/29-85,S8CN57/2-57,A0A1J1I6W2/271-327,A0A1D1V9N5/2276-2332
317,A0A0B2W5Y6/89-145,A0A5S9XPF8/111-166,A0A6J1T0Z9/23-79,T1EKA9/1-57
318,P41935/137-193,M0RUA0/97-141,A0A2G9NB28/19-75,A0A553N9I1/2252-2308
319,A0A4X3NX88/148-204,A0A0P0WU86/2-57,A0A1Y3BQ76/19-75,A0A553N9D0/2490-2546
320,A0A090LC03/254-310,M0RLG4/16-71,K1RXD5/156-212,A0A077Z2H2/1542-1598
321,A0A1D1VG74/194-250,D8S6N4/105-160,A0A0B1T223/21-77,A0A0R3PWK5/578-634
322,A0A1S3JLT8/187-243,A0A2K1JI10/95-150,A0A2A2K9A7/54-110,A0A2A2KYD2/818-874
323,A0A3M7SPI7/203-259,S8DFA8/97-152,G5ECT8/127-183,H3EIV3/130-186
324,A7SAY2/6-62,M0SQ64/106-161,A0A6G0UP78/108-164,A0A0B2W1B5/1142-1198
325,A0A6J8A8P8/158-214,A0A5P1E428/126-181,H3ENW8/326-382,A0A0J9Y670/711-767
326,V4ABE0/56-112,A0A2U1PYN3/84-139,A0A0M3K1D7/56-112,A0A158Q3W9/837-893
327,A0A210QXF3/190-246,I1KQN6/25-80,A0A0R3WE61/132-188,A0A4U5PCZ8/48-104
328,Q9W4B3/231-287,A0A2U1L2G2/16-71,A0A6J8CK90/149-205,A0A6G0ULS3/1456-1512
329,A0A226EIF5/265-321,A0A2K3L2P4/60-115,E4WWA3/307-363,V6CLS4/747-803
330,A0A158NIY9/203-259,Q93V99/63-118,Q4H3M8/106-162,A0A090L5A6/1606-1662
331,A0A183IUV8/58-114,A0A2Z7D9D8/53-108,A0A1Y3AX74/6-62,A0A6H5I8U2/2899-2944
332,A0A3Q0KCT4/539-595,I1JAV7/63-118,A7RIH8/2-58,A0A6A4WNP2/100-156
333,A0A4E0RXR8/73-129,A0A2Z7BLK0/26-81,A7SLZ7/1-57,A0A226EWH7/1818-1875
334,A0A0V0YI02/229-285,S8BSP9/30-85,A0A077ZEI9/37-93,A0A177B7R3/2264-2320
335,A0A6G0V3B2/189-245,D8RWV0/22-73,A0A183IZB9/40-96,E4X0H0/874-930
336,A0A0N4U9X1/145-201,M0TDG1/38-93,A0A226EKC4/21-62,A0A158R762/916-972
337,A0A3S1BRL9/264-320,A0A2K3PPY7/108-163,T1G2F6/10-66,A0A4E0RX51/1104-1160
338,Q9W4B2/396-452,A0A0P0V8J2/1-56,T1JR94/377-433,A0A5K4F0E6/1001-1057
339,T1G6Y9/10-64,I1KV67/93-148,A0A183TC72/226-271,A0A183SCW3/27-83
340,A0A177BCP5/156-212,S8D6B2/73-128,A0A444UBV0/150-197,A0A1J1J843/2849-2905
341,A0A4C1XDL5/76-129,A0A2Z7DFB8/92-147,A0A443RQ81/216-260,A0A4Z2GWV0/1129-1185
342,A0A5B7FYV9/33-77,D8SP82/19-74,A0A6J8EZB9/52-108,A0A2P6N006/82-138
343,H3DUC2/153-209,M0RJ54/20-71,A0A210QQK3/65-121,T1IQQ5/33-89
344,T1EK91/3-59,A0A5S9YDY7/59-113,R7U6M3/11-64,W4YA65/957-1013
345,T1IYF1/90-146,A0A2U1N5L4/57-112,T1IV45/64-120,A0A2G8JYE1/31-87
346,A0A6G0UVW4/88-144,A0A2Z7C8P2/96-151,A0A2T7P9S4/28-84,A0A1S3IWB7/19-75
347,A0A016SJC5/86-142,S8E498/37-91,V4AQ81/20-76,A0A210QXH5/15-71
348,H3ET39/89-145,A0A178UX05/89-144,A0A5N5TEF0/34-90,A0A6J8D230/18-74
349,A0A158R7G7/168-224,I1NGA8/48-103,A0A3R7PG01/116-159,A0A0L8HGC8/15-71
350,M7B1Q5/23-79,A0A654EAX3/26-77,A0A662YS11/93-149,A0A1E5RMZ3/129-185
351,A0A2R8QNY0/57-113,A0A5S9X8Q5/26-79,C3XQ73/121-177,P07269/78-134
352,A0A4Z2HKR4/115-171,S8BVP0/7-62,A7SGR9/16-72,A0A1E3P2T1/25-80
353,A0A183X305/171-218,A0A5S9X3B8/69-124,A0A2B4RVR3/121-177,I2JUH7/53-107
354,A0A183SKT8/210-254,A0A1Y1IDL6/66-121,A0A0V0YPU0/60-116,C4R317/153-207
355,E4XIQ5/93-149,A0A5S9Y5R1/27-82,A0A0N4W6J2/36-92,A0A1D8PP44/39-93
356,H2XKR1/37-93,Q9S9Z0/19-72,A0A158PDU1/43-99,A6NLW8/16-70
357,A7RZT3/2-58,I1MG59/26-79,A0A0D8XW26/63-105,Q6RFH8/20-74
358,A0A2B4SLE9/72-128,I1L0G6/29-81,A0A2A2JAK2/42-98,O43812/27-72
359,A0A2F0BCR2/70-126,A0A2K3N7W7/66-117,P20269/36-92,A0A0D8X6F5/36-89
360,E4WY86/127-183,S8CFV1/18-71,A0A4X3PH99/37-93,A0A0N4SUK1/91-147
361,E4WVS1/135-191,A0A5P1F8W9/17-72,A0A077ZLP3/26-82,Q3ULJ8/6-60
362,T1JH17/89-145,A0A0R0IJ93/16-64,A0A444UN50/322-378,A0A2Z6RHJ4/2-55
363,A0A0C2M9K5/30-86,A0A5P1F4Z8/34-89,A0A2P4SPL9/19-75,A0A397GZE2/204-258
364,A0A177B124/289-345,A0A5S9XW58/46-96,A0A3M0JRH6/23-79,A0A1Y1YZB1/1-55
365,A0A177BDC2/8-64,Q5ZAY0/68-122,S4RUW0/1-46,A0A1Y1YNA9/114-168
366,A0A4S2JLN6/168-224,Q10328/167-222,T1ELB4/1-57,A0A1Y1V114/43-97
367,A0A5K4FAJ6/269-325,A0A1R1PPE4/147-203,V4AT90/1-57,A0A137NXY7/117-171
368,A0A016U2K4/74-130,A0A2T9YII9/587-643,A0A210QHN8/165-221,A0A1Y2H6R1/251-306
369,W2SQ37/43-99,A0A1R0H3D7/205-259,A7RH67/2-58,A0A507DWC9/106-160
370,A0A2G9U5Y0/56-112,A0A4Q0A5E6/1-57,C3YRE8/181-237,A0A0L0RYD3/163-217
371,T1EKA2/1-57,A0A507DRZ5/136-192,A0A1S3J6N7/126-182,A0A1Y2HIT8/170-224
372,Q8N693/140-196,A0A2U1PWP9/61-113,H9J2S4/15-71,A0A163J857/59-113
373,M0R8Z6/128-184,A0A2U1Q7A7/56-108,V8NA88/82-138,A0A261Y387/76-130
374,A0A4Z2GHY0/84-140,A0A0H2RHC6/82-133,A0A2G9R3H7/141-197,A0A1U7LR83/139-193
375,A0A0B1SKZ4/91-147,A0A4S4LGW4/398-449,Q9XYH5/288-344,A0A0E9N7I0/89-143
376,B3S4Q1/11-67,A0A2P6NMC2/529-580,E9H422/1-57,A0A168NB80/16-71
377,A0A3R7MU83/88-144,A0A2P6NPG0/76-128,A0A226E685/199-241,A0A168QMM3/41-96
378,A0A1S3HHV0/39-95,A0A2P6NV57/36-87,A0A132A6Q3/61-116,A0A261XYL9/91-146
379,A0A3M7SL67/369-425,A0A2P6NG57/134-184,A7SHE5/2-58,A0A163JR14/39-93
380,A0A3S3P4W7/38-94,A0A2P6NMY0/40-94,A7SCX0/3-59,A0A0F4Z9C0/61-115
381,A0A553PCI4/185-241,A0A2P6NN01/247-300,A0A2B4S6W0/148-204,A0A1C3YM33/67-121
382,A0A1J1J6M6/254-310,A0A2P6NM47/220-270,B3SAY6/153-209,A0A3N4I7J7/35-89
383,M7ALT3/54-110,A0A2P6N4F4/183-234,A0A3M7P248/177-233,A0A3N4M428/34-88
384,A0A2F0B5Q6/83-143,A0A2P6NIT3/75-121,F6X3H1/67-123,W7HVJ7/69-123
385,A0A3P6PQR0/181-237,A0A2P6N3B1/38-87,A0A1Y3APD1/40-90,C8VLD7/64-118
386,A0A5J4P1L3/73-129,A0A2P6N387/127-179,A0A2B4S877/145-201,D4AJ81/114-167
387,W4XMG8/85-141,A0A2P6MW89/117-169,A7RLN9/1-57,U7Q3U7/98-152
388,A0A2B4RY77/50-106,A0A2P6MNW2/38-89,A0A2B4SLU2/50-106,A0A0D2A2K1/82-136
389,A0A1Y3B072/23-68,A0A2P6NY62/82-137,A0A3R7PRH6/90-146,A0A1E3QCZ2/123-177
390,A0A1D1VN80/156-201,A0A137NY46/132-182,E4X7E3/147-203,A0A4P9XC15/177-231
391,A0A183ISK9/232-277,A0A137NXL0/113-163,A0A444UUT2/206-262,A0A4P9W819/1-53
392,A0A1D2NFD9/300-356,A0A137NYC1/106-156,A0A6A4XG15/112-168,A0A2G5BA11/1-55
393,A0A267EQB7/41-97,A0A137NUR7/123-176,A0A553PH72/6-62,Q5KAW0/163-217
394,A7RFR4/9-65,A0A137NUF4/137-190,A7RGX8/1-57,A0A507CB91/72-127
395,A0A6A4V305/59-102,A0A137NY59/133-183,A0A183IVD5/64-120,A0A098VSB4/44-100
396,A0A158NLI5/209-265,A0A4Q9LLQ1/36-84,T1J169/144-200,A0A2H9TQ12/121-176
397,A0A6G0ULJ5/133-189,A0A4Q9LL32/39-86,A0A6J8A6U8/282-338,L8HGX4/148-204
398,A0A3M7R9W5/228-284,A0A0R0M4X0/34-83,A0A2B4S7N8/151-207,Q54F46/163-218
399,A7SKM3/5-61,J9D9I1/42-91,T1JQC8/42-98,A0A397U4C7/24-79
400,A0A2B4S8R0/42-98,A0A4Q9KZ12/41-90,T1JQC9/91-147,A0A1Y1YAN3/24-78
401,A0A2B4S7J2/33-89,S7WCZ8/34-86,A0A2B4S6Z6/419-474,A0A1Y2GNZ9/23-77
402,A0A2B4S944/46-102,A0A1X0QJB6/34-87,A0A016SY39/32-88,A0A5C3QHY7/47-102
403,A0A267EL69/72-128,L2GN68/40-89,A0A2G9TTV5/3-59,A0A2A9NT70/22-76
404,E4XK64/96-152,A0A1X0Q918/58-107,A0A0N4Y479/27-70,A0A4S8MIR8/20-74
405,A0A158NDK3/90-146,A0A4Q9LLR6/36-82,A0A0D8XTA2/76-132,D8QC19/80-134
406,A0A226ERC2/44-100,R0M5I5/41-86,A0A0M3JL52/34-90,A0A4S4LBU8/325-379
407,A0A077Z3Z2/44-100,R0M8H9/32-78,A0A4U5N721/183-239,G4TAH6/98-152
408,A0A183J4H2/53-109,R0MJ91/24-66,A0A4X3PB63/219-275,A0A1R0H4T6/15-70
409,A0A1J1HQ55/31-87,Q8STR8/37-82,P34663/212-268,F4RJI5/1-56
410,A0A183ISJ3/13-69,R0KUR6/39-88,T1G6P2/2-58,E3KFQ8/433-480
411,A0A0V0XSY2/131-187,L2GNR5/507-553,E9GDH6/20-76,U5H6R5/127-182
412,Q7PS00/83-144,Q8SW50/27-74,A0A4U8UNN4/19-75,A0A0R0LRJ8/29-84
413,E4XK65/86-142,A0A1W0E637/132-184,T1JAI7/218-274,C4V704/31-86
414,A0A090MUA5/120-176,Q8SW51/33-85,H9JA53/140-196,R0MAG8/31-86
415,A0A6G0USA7/114-170,A0A4P9XXB6/1-53,C0IMT7/143-199,Q8SW18/32-87
416,H3FWN0/108-164,A0A4T0FY06/65-120,C0IMT6/41-96,A0A4Q9LM81/31-86
417,B5QSI6/163-219,A0A507CC02/206-255,C0IMT4/175-230,J9D9F0/31-86
418,A0A0N4VCV6/84-140,A0A507C631/247-296,H9JAD7/140-195,C4V795/82-137
419,A0A0M3K4F2/90-146,A0A507C686/278-327,C0IMT7/46-98,R0MBE3/23-78
420,O43186/40-96,A0A507CEV6/231-280,H9JA53/684-739,S7W9U9/38-93
421,T1IPT0/137-193,A0A507BXG8/241-290,H9JA53/482-536,A0A177EC75/31-85
422,A0A6H5H5E8/7-55,A0A507CAE9/248-297,A0A4C1VKY5/70-126,A0A437ANP6/31-86
423,E0VPR6/11-56,A0A0C9SKS9/190-244,A0A4C1VMA7/99-155,K5WZU0/33-88
424,A0A0V0XSP6/53-109,S8CMM3/6-59,A0A2P8YRA4/303-359,A0A5M3MUL1/27-82
425,A0A0C2J9A6/38-94,A0A2Z7DES9/30-83,A0A2P8XD57/100-156,A0A067N1Z3/128-183
426,S4R7Z1/39-91,A0A5P1FFB5/83-136,A0A1S3DUR1/50-106,A0A1R0H2C7/30-84
427,A0A1D1W939/68-113,A0A392QZN8/51-104,B9V119/19-75,A0A165L204/63-118
428,T1EHM3/4-59,K7L9Q7/81-134,S4S1K1/43-99,G7E2N6/287-342
429,A0A183AYI9/21-76,M0TFX2/45-98,A0A3M0JUT5/35-91,A0A4Y9ZIZ8/38-93
430,A0A183SGX4/79-134,A0A2K3LLI2/81-134,A0A4Z2GTA7/200-256,A0A4Y9Z671/470-525
431,A0A0N4XZ45/80-129,A0A2U1QMW0/78-131,A0A3R7ME03/36-92,A0A0E9NHP3/71-125
432,A0A177BAD4/229-285,A0A2U1P4Y0/77-131,A0A1Y3BRB2/22-78,B7XHQ5/31-86
433,H3FYA7/50-105,I1JZS9/83-137,T1KTF2/137-193,A0A1R1PXQ3/117-172
434,A0A0K0JXQ8/47-103,M0RLW6/87-140,A0A1D1V7B1/116-172,A0A397UXC5/1-56
435,A0A2G9TVI1/8-64,M0TG61/83-136,A0A6A4V7Z2/141-197,A0A397J0R6/111-166
436,A0A0B1TB06/60-105,M0TTP7/71-125,A0A1D2NBL5/17-73,A0A2Z6SBA8/68-123
437,A0A0N4VFT5/63-119,M0SVV9/72-126,E9HE98/327-383,A0A1J5X2L8/24-79
438,A0A2A2L3R6/152-208,M0U1E3/69-123,E0VA83/18-74,A0A0D1DX31/249-304
439,A0A0M3JDW6/7-62,A0A5P1FRW0/73-127,A0A653BZG0/57-113,A0A177UQ15/155-210
440,A0A0B2VHK5/78-133,A0A2U1NYF4/67-120,A0A1S3DGM6/17-73,A0A316UHR4/179-234
441,A0A0N4UQ32/50-106,A0A2Z7API7/80-133,T1H8E2/20-76,A0A507DYK1/821-876
442,A0A158QBE1/36-92,I1KCP4/91-144,A0A6J1TF27/18-74,A0A168Q8W6/27-82
443,A0A0R3PX11/11-67,A0A2Z7AJI1/92-145,A0A482WV13/90-146,A0A163KBF7/19-74
444,A0A090KWK3/67-123,D8RGY1/15-68,A0A6H5I1M8/382-438,E2LMC8/11-66
445,A0A6G0V682/72-128,A9RG47/96-149,A0A158NSC2/235-291,M5G951/123-178
446,A0A4U5NI08/7-63,A0A2K1IER3/85-138,A0A482WVD7/299-355,A0A0C3SEV6/70-126
447,A0A183D6N7/55-99,A9SN13/96-149,A0A0D8XHB2/61-117,A0A060SJ01/74-129
448,A0A0J9XNV3/2-48,A0A2K1LB91/106-159,A0A2A2JWT0/117-173,A0A1C7M784/352-408
449,Q93356/42-97,M0RL56/10-63,P34326/88-144,L8HB27/444-500
450,A0A090L2V3/60-116,A0A5S9YHH7/72-125,A0A4U5MEQ4/117-173,L8HFS7/513-567
451,A0A0N4UC82/31-87,A0A178V0P3/59-112,A0A077Z1V2/159-215,Q04116/174-230
452,Q93352/56-114,M0TGR4/48-101,A0A553NTL8/318-374,A0A1E5R1T5/520-576
453,A0A177B3W4/140-195,A0A2K1JIR2/102-155,A0A553NS53/275-331,A0A1E4TI97/55-111
454,A0A177B8P1/121-176,A0A392QVI7/20-73,A0A2R2MK17/16-72,A0A2T0FDH8/35-91
455,A0A177B6B5/177-232,A0A2Z7CXT2/30-83,A0A3P8ES72/25-81,A0A167DP72/141-197
456,A0A4U5NIU6/62-117,I1LWJ5/92-145,A0A6J8DK06/146-202,A0A1E3PJ81/264-320
457,A0A158R6S9/272-327,A0A0J8B605/127-180,V4A376/119-175,A0A1E3PIX4/383-439
458,A0A0R3W4G4/200-255,A0A2U1PAE2/83-136,R7T5K2/209-265,Q6C575/167-223
459,T1FYT0/21-77,A0A5P1FHL5/68-121,T1EHE5/41-97,A0A1E3P101/2-58
460,A0A0N4VJP0/67-123,S8BSU1/20-73,A0A2T7PRC2/59-115,I2K107/67-123
461,A0A0N4VIZ2/124-180,M0SGK9/83-136,A0A3S1BUH9/731-787,C4R1R8/152-208
462,F6YBZ8/232-288,A0A5P1FAS8/110-163,A0A210PXA0/158-214,A0A1D8PQR5/174-230
463,A0A4S2LQP3/600-656,Q94GL5/104-157,K1PNG1/142-198,A0A1E3QAU7/36-92
464,A0A4E0REC2/598-654,Q6Z248/43-96,K1PW38/127-183,A0A0E9NDG9/601-657
465,A0A5K4F5G4/678-734,M0TJD2/68-121,A0A6J8DJ46/179-235,Q7SEG2/70-125
466,A0A183SI18/155-211,M0T5T0/18-71,A0A1S3I0R7/173-229,I1RC01/58-112
467,B3RKR1/2-58,D8RMX9/2-55,A0A2G8KMS9/69-125,U7Q2X2/62-116
468,V6CJ20/25-81,D8RC65/6-59,W4YYP9/136-192,A0A369GJ05/35-89
469,W2TV56/97-153,M0RLE1/29-82,A0A0L8H8Q2/17-73,G4MRM6/69-123
470,A0A2A2JXG4/93-149,S8CP95/68-121,A0A0L8FWR3/22-78,A0A0F4ZKR6/23-78
471,A0A090L2D8/106-162,D8R0G9/25-78,A0A662YMK1/177-233,A0A161TCV7/58-114
472,A0A0N4VPE5/42-98,A0A2K1KMK3/82-135,R7T5Y1/143-199,A0A0S6XQH2/55-111
473,A0A4U5PEV4/112-168,A0A2K1J9I9/85-138,V3ZYQ4/91-147,A0A1B8GK51/58-114
474,A0A6G0ULU0/141-197,A0A2Z7DKJ4/82-135,A0A553NS51/112-168,A0A6G1GAV9/44-100
475,A0A2F0BNE2/42-98,A0A388JM04/53-106,V4CKM9/113-169,A0A4U0XXZ5/97-149
476,Q4H3E8/127-183,Q6ZA74/86-139,A0A3M7PEL2/311-367,A0A0D1ZRL1/39-94
477,A0A6J8AWT6/90-146,A0A0P0XML4/83-136,A0A5J4NY25/16-72,D5GN77/43-99
478,A0A6A4WW66/9-65,I1M021/65-119,A0A4E0RNP2/300-356,A0A3N4LIB2/81-137
479,A0A6H5IUM7/192-248,M0TD87/37-89,A0A4S2LG59/218-274,W7HIJ0/40-96
480,A0A433UCU1/32-88,M0SJX2/95-147,A0A5K4FAR0/412-468,A0A433PWM1/67-123
481,A0A1D1V942/56-112,M0T5W5/85-137,A0A3P6PYH6/86-142,A0A1Y2GW60/124-180
482,E9HBA5/2-58,Q8LAT0/88-140,A0A4C1UVB0/24-85,A0A167FF01/171-226
483,A0A0L8ICK0/39-95,A0A2Z7CK95/63-115,A0A0M3J8U1/101-150,M7NIC0/159-223
484,A0A077ZDZ5/134-190,Q10QP3/73-125,A0A4X3NTN8/78-134,A0A1Y1V426/142-198
485,T1KUA4/192-248,Q338Z7/65-118,Q5EVN0/79-135,A0A4P9XW20/218-274
486,A0A2T7NYU2/125-170,M0U0F4/13-66,Q8IAC7/262-318,A0A4P9X449/2-57
487,A0A5N5T8Z2/40-85,A0A2K3PHD7/57-110,A0A177B772/188-244,L2GTN7/14-69
488,A0A4C1ZD00/64-109,A0A2U1M9Z3/37-90,T1EKH6/33-89,S7W910/18-73
489,A0A3R7M7L3/45-90,A0A178WKR8/71-124,A0A0C2NEG5/134-190,R0M4R8/78-133
490,B7PYL5/26-82,A0A2U1L0I8/67-120,K1PUL6/624-680,C4V7H4/41-96
491,A0A443RCL7/43-87,S8CB32/73-127,A0A3P8GGK7/2-58,A0A0R0M1U1/308-363
492,A0A132A2C9/259-315,I1LZD7/56-110,E9GVT2/6-62,A0A437ALP2/25-81
493,A0A226ELY5/232-288,S8D9W8/67-120,V4BUI5/4-60,A0A261Y7Q6/163-218
494,A0A401PXX6/55-111,A0A2Z7BW59/67-120,A0A2P4S9S7/23-79,A0A0H2S010/56-112
495,V8NNW6/144-200,A0A2Z6ZYE9/60-113,A0A2T7NLR6/56-112,G7E7K3/193-249
496,M7BWR3/146-190,A0A2K3MQC8/59-112,A0A6A4VWH9/136-192,U5HIG3/211-267
497,O15499/127-183,A0A392RRL0/31-85,A0A2G8JU45/179-235,A0A0C3QT93/269-325
498,A0A5N5TFP0/159-204,A0A178UEZ7/78-130,Q24255/300-356,A0A0C3G8H8/56-112
499,A0A1D2MQ70/11-52,A0A5S9X4P5/70-133,A0A6J8AD85/140-196,A0A0C9UWU3/132-188
500,A0A4Z2I6T3/26-69,S8D515/19-72,A0A1D1VIP2/116-172,A0A5C3Q7S0/47-99
501,R7UF19/138-193,A0A2Z7CVX3/18-69,A0A1D1W9X3/106-162,A0A067MLY8/62-118
502,T1F6U6/288-343,M0S0D6/27-78,V4AKN5/36-92,G4U2F0/115-171
503,K1QCD5/267-322,M0S125/89-144,A0A5K4EKI3/145-201,A0A4S4LG61/76-132
504,A0A0N4VFI4/40-95,I1JYL0/36-88,A0A183W795/55-106,E3KGA5/172-228
505,A0A0V0YMP8/245-300,A0A2Z7CAH9/20-71,A0A3M7S681/92-148,A0A0K6G4U5/177-232
506,A0A226E6M1/143-200,A0A2U1KG79/30-81,A0A443QVN8/19-70,A0A0L0RVD5/143-198
507,T1GDG0/41-96,A0A654F7Q4/32-85,A0A210Q4D6/164-215,A0A2G5BK23/200-255
508,A0A2J7PYX8/247-302,A0A0J8B8M1/38-92,A0A553NAV3/194-236,A0A098VUI8/171-227
509,A0A1J1HK27/280-344,Q7XUJ5/73-127,A0A6H5GA38/25-81,A0A2H9TPD8/944-999
510,A0A177B2C5/358-413,A0A178WF45/68-121,H3G257/92-148,Q5K9G9/337-393
511,T1KCV8/293-348,A0A2Z7AIT4/57-109,A0A6G0UUE0/168-224,A0A316W085/77-133
512,Q7QEM9/239-283,S8C296/21-73,A0A0D8XDH8/183-226,A0A0D1DSZ0/55-109
513,B7PL66/215-259,A0A2Z6ZU94/64-116,A0A077ZBT4/59-115,A0A4P9XUX3/18-71
514,A0A132AFW7/108-152,A0A2K3KZN8/52-106,A0A3Q0KBI6/384-440,A0A161HKN7/84-137
515,A0A4S2LXC0/752-807,I1LHN6/57-111,A0A4E0R7R7/305-361,A0A5E8BQL1/231-283
516,G4VJ65/987-1042,K7K6N9/54-107,A0A5J4NQ29/197-247,A0A507F9G1/61-114
517,A0A4E0S1G0/860-915,A0A5S9XZ95/57-109,A0A0R3WE04/78-134,F4P6F9/6-60
518,Q5TUU2/283-343,A0A654EV92/57-109,A0A3P7LBS2/108-160,A0A4P9XY40/3-57
519,T1GJB9/271-331,A0A178ULJ9/72-125,A0A3P6P1M8/46-97,L2GW28/30-85
520,A0A3M7RFK3/411-466,M0SNS2/140-194,A0A177B2U4/48-104,A0A0R0M410/30-85
521,A0A183SK70/596-651,M0TKT5/2-41,A0A183IDS3/26-74,S7WCB8/55-110
522,A0A3P8GBF3/150-205,Q10QF2/61-114,A0A0B2VWQ3/34-90,A0A4Q9L877/29-84
523,A0A4S2LLX2/706-761,M0S272/29-82,T1EKR8/1-57,A0A1Y1S696/30-86
524,A0A5K4FDT9/705-760,Q7XI85/62-115,A0A1J1IDB1/29-85,J9D5Q0/149-204
525,A0A401NVK7/228-283,A0A5P1FF77/49-102,A0A3Q0J5D8/25-81,A0A437AQL4/21-76
526,A0A1D1UUJ0/114-169,M0TV69/53-106,A0A1D2M9K1/41-97,A0A2G5BC84/1-52
527,A0A3P6VBS8/81-136,M0SLT4/43-96,E9HEP3/3-59,A0A1Y1YD00/1-52
528,A0A2G9RX73/35-90,A0A2U1KK76/13-66,A0A1V9X0H9/73-129,A0A261XT47/75-129
529,O43316/172-227,A0A2U1Q8G3/11-64,A0A1Y3B3B7/40-96,A0A1Y1XYY7/80-133
530,A0A0R3W7C5/345-400,A0A2Z7CME4/8-63,R7VFF9/2-53,A0A137P6J8/77-130
531,A0A4E0S3U6/247-302,I1KDP7/28-80,A0A6A4XB30/1009-1064,A0A397U3P7/193-245
532,A0A5J4NY57/115-170,A0A2U1L7L7/20-71,W4XN07/141-197,E3JQB3/76-129
533,A0A0R3VVU5/81-136,A0A2Z7BVW7/18-71,C3YTY8/80-136,U5GY41/64-117
534,J9M1B6/141-197,S8DIH0/9-62,B7PER6/24-75,A0A4P9ZW97/1-51
535,A0A2B4SYG0/22-78,A0A2Z7CWD4/18-72,A0A4E0R7U8/102-158,A0A163MVP4/56-110
536,A0A2B4SMA4/22-78,A0A2U1LC89/12-67,A0A5K4FCP5/120-176,A0A1Y1VEP5/595-648
537,A0A1S3JFK1/72-128,A0A178UF51/9-64,A0A183W4A6/68-119,A0A168LFL2/63-117
538,A0A2B4T0C9/232-287,S8D1H6/12-64,A0A5J4P0Y9/26-77,A0A507C1S0/81-136
539,A0A2B4T1X6/241-297,A0A2K3PME3/128-182,T1EK77/3-59,G7DWN9/52-105
540,A0EYM0/165-221,A0A178VZE8/112-166,A0A077ZA76/30-86,A0A138ZZ73/2-54
541,V4BZH1/5-61,A0A2U1NHP9/207-261,A0A1X7RC60/118-174,A0A4P9XQ73/259-309
542,V4A810/10-66,M0TBW6/140-194,A0A6A4K8S7/82-138,A0A139AMA2/174-229
543,V4AS00/1-57,M0TL89/106-160,A0A662YMP4/106-162,W3X0K2/224-280
544,A0A2G9P9C3/127-183,M0SK52/114-168,A0A090LTU0/162-218,R7YU28/93-149
545,A0A2G8LRE0/114-170,D8RD82/14-68,V3ZXQ0/1-57,F9X6Y4/317-373
546,W4XXF0/90-146,A0A388K123/255-309,T1EK90/3-59,A0A0D1XZ84/176-232
547,A7S0K9/5-61,A0A2Z7CDR1/141-195,C3Y0U7/102-158,A0A0S6XQ57/160-216
548,A0A2B4S9L5/549-605,M0RW75/135-189,A0A183ARP6/27-83,A0A4U0WVZ8/158-214
549,F1NTN1/134-190,M0SCP1/53-107,F7BLR9/246-302,A0A369GKK4/203-255
550,A0A2G9RA98/183-239,A0A2U1KNI3/210-264,A0A1V9XCQ7/139-195,A0A1J5WJ46/83-139
551,M7BAG6/28-84,Q7XC54/156-210,S4R8E3/7-63,A0A507FET1/64-120
552,Q61658/109-165,A0A2U1PPU2/111-165,A0A158RA13/141-197,A0A507ENV1/78-134
553,A0A444V270/30-86,M0TST3/101-155,A0A3R7PPD7/96-145,A0A2P6N152/64-118
554,A0A401PGZ0/196-252,A0A2K3PE04/112-166,B7PNI1/174-217,A0A2P6N6R7/143-197
555,A0A3P7LCH9/56-112,K7KEF0/147-201,A0A2J7RDM5/65-107,A0A2P6NQ58/62-116
556,A0A0R3W177/95-150,I1L615/68-122,H3G0X2/187-229,A0A2P6NBE9/59-114
557,A0A4U5NIA6/107-163,A0A654FQ84/128-182,A0A3M7SDU6/179-221,A0A2P6N2E2/86-140
558,A0A1X7STD5/42-98,A0A5S9XTK5/135-189,A0A183IDR7/18-60,A0A2P6N0K5/127-182
559,V4A9G9/2-58,A0A2K3NVN7/137-191,A0A1D1VN14/150-197,A0A2P6MZN4/44-99
560,A0A443QH11/84-140,A0A2U1M1D3/129-183,B1A9Y0/271-327,A0A2P6NQA6/509-564
561,P70368/19-73,S8BXA1/29-83,V4BLG5/12-68,A0A2P6NTZ3/153-209
562,A0A3M0KCD5/50-104,A0A2Z7BD95/117-171,A0A093DFK5/67-123,A0A137NSZ5/21-75
563,A0A4Z2F1J2/32-86,S8BZA7/109-161,A0A2P4ST26/69-125,A0A2P6NJE5/865-914
564,A0A4Z2HMC7/24-78,A0A2U1PTB6/219-272,A0A210Q0R1/131-187,A0A2T0FH62/210-263
565,A0A444UQY1/39-93,A0A2U1P8V0/168-222,A0A3M7RBU2/40-96,D4B3Y0/66-119
566,Q9HB31/20-73,S8CVM6/54-108,A0A433SXM8/28-73,A0A0D1YAJ5/89-143
567,A0A444U3T1/21-75,Q0JB92/81-135,B7PL89/2-58,D5GA02/4-58
568,Q1RM27/23-76,I1J403/147-201,A0A5N5SWJ8/2-48,A0A6G0UKC5/230-286
569,A0A3M0KEW3/41-95,K7KI54/135-189,A0A6A4WQL8/116-172,A0A2P6NZ71/131-187
570,H3F367/792-848,M0TBG3/107-161,R7TS59/1-57,A0A507DJ64/222-271
571,A0A6G0UJ98/195-251,Q0E0A6/152-206,E4X7I1/196-252,A0A0M0JJH2/19-73
572,O01996/206-260,I1MSI4/92-146,F6WE99/161-213,A0A6A4VQ02/76-132
573,H3FDI6/222-278,A0A2K3NHU0/99-153,A0A1D1UNA1/94-150,V4A9C6/26-83
574,A0A0D8Y1I9/160-216,K7LC40/90-144,W4XNK3/7-63,V3YX65/27-83
575,A0A0B1T5E6/81-137,S8DR18/25-79,A7SUX2/2-58,A0A267DXS7/254-310
576,A0A0N4WQN2/67-123,A0A2Z6ZZQ4/95-149,C3XSN0/146-202,A0A267FYL1/50-105
577,A0A0N4Y4B9/173-228,S8DMC7/77-131,A0A6A4JHL2/106-162,A0A0C2MM93/18-74
578,A0A0B2V030/318-374,Q5VPE5/93-147,A0A139WG71/68-124,A6NFQ7/18-73
579,A0A158PNK1/375-431,A0A0R0JF29/18-72,A0A226DF47/280-336,A0A177B7L7/46-102
580,A0A0N4UDW7/121-177,Q8S9N6/138-192,A0A6J1S1L0/149-205,A7RUG2/1-46
581,A0A4U8UV81/190-246,M0SNK9/79-132,A0A482WUE3/87-143,V3Z3J0/18-74
582,A0A1V9X3R0/68-123,Q0JKX1/78-131,A0A6A4VXD5/21-77,A0A6J8DF14/60-116
583,Q22459/46-102,A0A5P1FTT2/235-288,A0A5N5T7U7/25-81,T1FD88/189-246
584,A0A3M7RHJ0/190-246,Q67UX6/116-170,T1GT65/14-70,T1FD75/207-264
585,A0A183IY26/61-117,Q5Z6F6/114-168,A0A1J1IBC5/30-86,T1FD80/198-255
586,A0A3M7QAB5/21-77,M0RKR9/52-106,A0A2J7Q484/66-109,A0A4S4LPQ8/147-203
587,A0A6J7ZYC1/26-82,M0THX8/44-98,E4XHF3/198-254,A0A5M3N7Z1/38-94
588,A0A210R462/37-93,M0S540/80-134,A0A2B4S5Q7/86-142,A0A0C3E2N6/32-88
589,A0A0H5SCA4/63-118,M0RYP8/85-139,E4XHF4/184-240,A0A2A9NGH2/32-88
590,A7SCD2/3-59,A0A1Y1HYZ4/240-294,A0A4C1VF43/40-96,K5X8K0/34-90
591,A0A2B4SJT0/114-170,M0TEU0/57-111,A0A1D1VF58/103-159,A8N3J3/31-87
592,A7SVX4/1-52,S8D224/102-157,A7RPR9/1044-1100,A0A4S8M5A8/39-95
593,A0A0N4U3W5/25-81,A0A654EMW2/67-122,A0A2B4S7Z2/99-155,A0A0C3ND94/33-89
594,A0A0C2GXN7/28-84,A0A5P1F2C2/80-132,A7RYQ0/12-68,A0A0C2XQ91/37-92
595,A0A0B2VKT3/35-91,A0A2K3NHN4/79-128,A7SBL6/2-58,D8QL02/46-102
596,H3F939/73-129,A0A5P1FD38/62-116,A0A2B4SI39/84-140,J4G776/40-96
597,Q93246/181-237,A0A1Y1IAQ8/299-352,A0A2B4SHQ6/73-129,A0A060SIT7/41-98
598,A0A183DI93/30-74,A0A2K1K481/75-127,A0A2B4SBR8/59-115,A0A0C3FCG4/29-85
599,A0A183SCY0/7-60,A0A2K1KIR3/76-128,A0A2B4SGD8/89-145,A0A0H2SFK6/32-88
600,A0A444V4W6/235-291,A0A1Y1IHB1/100-151,A7RMV1/1-57,A0A4S4LIH5/34-90
601,D3ZXL8/136-192,R1C7S8/12-66,R7T8C3/3-59,G4TJ63/51-107
602,B7PAX3/270-324,A0A0M0JSP1/41-93,A0A132A961/31-81,A0A067MK32/44-99
603,C3Y1P5/147-203,A0A0M0JUL2/57-110,A0A3P7P8S5/88-144,A0A164ULP4/47-103
604,A0A6G0V3L5/62-105,R1B793/25-78,P53547/2-58,J0WR94/26-82
605,A0A6G0V3L5/282-337,R1BLS6/17-64,A0A0N4V8J6/8-64,A0A165H3V6/26-82
606,H3FYA6/41-96,R1CCU4/61-110,T1JXH1/102-158,A0A4P9X0I0/174-228
607,A0A4U5NJ33/37-93,Q5UP03/164-218,A0A4U8US07/64-120,A0A0C3RYE6/27-83
608,A0A553PL24/56-107,A0A1E3P383/165-219,A0A0M3JVP2/99-143,A0A0K6FTE8/379-434
609,A0A2B4RTC6/1061-1117,P0CY11/74-126,H3ELH0/44-100,A0A2P6NMD5/135-187
610,T1IUP7/317-361,Q9UW23/142-197,A0A177AWI1/37-87,A0A2P6NMD5/337-390
611,A0A4Z2ELU4/170-215,A0A0U9HLF7/93-146,T1EHE3/1-57,A0A2P6NMI7/224-276
612,M7B5X4/184-228,A0A0U9HVT9/113-166,T1HA97/125-181,A0A2P6NYS7/48-99
613,W4XLT6/90-134,A0A1Y1IQR6/85-139,T1J047/142-198,A0A2P6N1U7/74-125
614,A0A183TAT7/161-206,A0A1Y1HSW9/66-120,M9NDG6/134-190,A0A2P6NMC5/92-143
615,A0A177AQH0/45-90,A0A1Y1HS68/98-147,A0A1J1HRK6/14-70,A0A2P6NIU5/78-129
616,A0A444UNY9/1728-1767,A0A1Y1I7N1/87-139,A0A6H5IHV3/105-161,A0A2P6NY71/113-164
617,A0A177B2T2/49-93,L2GNI4/18-71,C3YL06/141-197,A0A2P6NSU8/73-128
618,A0A0V0YJ92/129-185,R0MIF1/12-62,A0A2T7PRK1/62-118,A0A2P6NYH8/475-527
619,R7TNC9/233-289,Q7SI91/9-62,A0A0B2VTB1/90-146,A0A2P6NID5/41-97
620,E4X8Z0/66-122,A0A1W0E6L8/16-70,A0A0D8XIB3/67-123,A0A2P6NK10/55-111
621,A0A0N4WAJ6/95-146,A0A1X0QA66/16-71,A0A0B1TRP5/55-111,A0A2P6NY37/454-505
622,A0A3M7RCC2/90-146,A0A2T7NZ01/133-189,A0A4U8UW11/97-153,A0A2P6NAK8/69-117
623,A0A3M7T081/170-226,A0A0C2N4D3/109-162,P26797/95-151,A0A2P6NZA5/38-87
624,A0A443QFT6/87-144,A0A2A2KP00/28-70,H3F292/93-149,A0A2P6NY05/249-301
625,A0A6G0UKT9/162-218,A0A388L018/25-76,A0A1D1VIG3/104-160,A0A2P6NV01/1863-1916
626,A0A077Z1R7/167-223,A0A388L056/30-84,A0A5J4NNU6/90-146,A0A2P6MWK3/48-101
627,F1R840/164-219,T1KMR8/113-169,A0A4E0RIE2/346-402,A0A2P6NZG2/1382-1435
628,A0A4Z2GT46/216-261,T1KMS2/113-169,A0A3Q0KM24/343-399,A0A2P6NC13/732-784
629,A6PW38/32-82,A0A0L8FV51/19-75,R7UVH4/15-66,A0A2P6MW81/97-150
630,Q4TU75/119-174,K1QXI0/1209-1265,E9G1M7/15-66,A0A2P6NRL1/208-259
631,W4YJ68/22-78,A0A3S0ZHS4/1261-1317,T1KGV0/137-188,A0A0R0M0V7/38-89
632,A0A3M7Q6G1/24-68,A0A2T7PDK0/1128-1184,V4ART4/10-61,A0A1W0E6B0/43-92
633,V8P0V0/85-141,A0A1S3K1L4/1014-1070,W4Z7H4/277-329,B7XHF6/57-108
634,T1KFM6/242-290,P10180/1746-1802,A0A0N4UVC3/85-137,R0KX88/36-87
635,A0A177BCJ8/70-113,E0VMY8/740-796,A0A1Y3BAE3/106-162,R0KV92/38-86
636,R7V0E8/10-66,A0A2J7QAN7/87-143,A0A090LNL4/102-158,R0MDE3/34-81
637,,A0A226E6K6/645-701,A0A158Q612/88-144,A0A1Y1S8M1/35-88
638,,A0A6H5HY70/1273-1329,A0A6G0V483/117-173,A0A1X0QCA0/69-119
639,,A0A3Q0IJW5/800-856,T1GMX8/84-123,L2GLP0/40-91
640,,A0A482X9D3/1104-1160,A0A2A2KVM2/92-143,A0A0L0SQ78/244-298
641,,T1I560/962-1018,T1ELB0/2-53,A0A0L0SXJ4/280-334
642,,A0A5N5TPI4/248-304,F5HJR1/20-76,A0A1Y2HGA1/275-329
643,,J9JS85/1163-1219,A0A0M3K0Y7/85-125,A0A2H9TPH5/64-118
644,,A0A0T6B6B2/641-697,T1G1S9/1-57,A0A058ZEM8/232-287
645,,B7QD53/1037-1093,T1HCD7/29-85,A0A177B8F4/86-140
646,,T1L079/1302-1358,B7PI82/85-141,A6NJG6/80-135
647,,A0A1Y3B5G6/235-291,A0A2B4S8Q6/121-177,R7TVE3/90-145
648,,T1IJV7/1399-1455,A0A423U1I3/56-112,A0A3M7P2X9/217-272
649,,A0A1D2MGG1/703-759,T1JTT1/306-362,A0A075AZJ9/26-79
650,,T1GSG3/741-797,A0A1D1W2U2/197-253,A8MZ59/9-65
651,,A0A6A4W4I9/358-414,A7S1J1/6-62,A0A0R3VZW5/65-120
652,,A0A553NYB0/1112-1168,W4ZBG3/81-137,A0A0C2MYJ8/168-222
653,,A0A553NZQ1/1102-1158,A0A3M7TAE7/95-151,A0A0C2JHI1/174-229
654,,T1EHK1/6-62,A0A1Y3BVA5/162-218,G3UX03/95-151
655,,A0A2G9SIU0/62-118,A0A131ZZL0/59-115,Q4KL20/95-151
656,,A0A2G9QF25/40-96,A7RLW0/3-59,F1LV35/95-151
657,,V8PC77/678-734,A0A2B4SWU7/130-186,D3ZYG1/98-152
658,,A0A401PN68/867-923,A0A0M3JTG9/127-183,G3X9U1/146-202
659,,F1QM72/970-1026,P17487/111-167,T1KMQ0/124-180
660,,A0A444U863/328-384,H3FUR9/331-387,T1KMS3/113-169
661,,A0A4Z2II10/1136-1187,A0A016SR84/2-58,R7U4H6/25-79
662,,C3YDE9/809-865,A0A2A2JUX3/111-167,V4AFX1/21-77
663,,W4XJL8/1124-1180,A0A0K0JBU9/116-172,A0A0D2WPK2/142-195
664,,H3EYZ5/1299-1352,A0A090L676/84-140,V3YXF0/20-76
665,,A0A158QAN5/1089-1144,A7S290/8-64,A0A0D7A673/153-209
666,,A0A0N4UQE3/463-515,A0A5J4N4Z3/16-72,A0A267EHK1/890-945
667,,A0A158PPP8/1235-1289,C3ZH34/156-212,A0A3M7T9G8/748-802
668,,A0A2A2KQ78/1022-1075,T1GMI5/41-97,A0A5J4NS36/1329-1383
669,,A0A4U5M836/793-845,A0A653BPZ7/184-240,A0A4S2LH11/1274-1327
670,,Q9BL02/1106-1159,E4WTD5/116-172,A0A4E0RWT1/279-333
671,,A0A6G0V529/770-823,S4R7F6/4-60,A0A183AJA8/546-601
672,,A0A090MXE7/767-820,A0A3S3QNZ7/216-258,A0A158R0C8/871-926
673,,A0A0V0YCT8/1189-1244,A0A077ZHT9/4-60,A0A0V0Y461/269-323
674,,A0A2B4S5G2/97-153,A0A177B6W8/106-148,A0A077Z1W0/143-197
675,,A0A2B4S5G2/374-430,B3S8Q4/201-257,A0A0B2VZS5/287-343
676,,A0A653D2X0/35-91,V3ZL15/2-58,A0A3P6SB62/49-105
677,,A0A2T7P516/35-91,Q0N4G2/2-58,A0A0K0JRY2/289-345
678,,A0A3M0L6R1/138-194,A0A3M7RLR3/164-220,A0A0N4U8X1/275-331
679,,A0A4Z2FUB2/297-353,C3Y453/149-205,A0A0N4VQF2/418-474
680,,A0A4Z2JGH5/288-344,A0A1S3I6F6/195-251,A0A0B2VM16/786-842
681,,A0A4Z2H9L7/375-431,T1KWQ3/740-796,A0A2A2LSX5/326-382
682,,A0A210R4G8/272-328,P56407/71-127,P41934/422-478
683,,A0A1D1V9B7/293-349,W2TAW6/69-125,A0A0N4UK21/180-235
684,,W4YKX7/312-368,A0A4U8UV12/66-122,A0A0D8XEA9/225-281
685,,A0A1D1V109/324-380,A0A553PHP9/217-273,A0A6G0UWF0/663-719
686,,T1EJ74/96-152,A0A183IMU1/68-124,A0A4X3P8J2/723-779
687,,B3RYD0/94-150,B4QZV8/394-450,A0A090KYB4/610-666
688,,T1FYQ8/107-163,A0A077Z1W9/24-80,A0A090MYN7/478-534
689,,A0A6A4XA03/253-309,A0A6A4VKD2/142-198,A0A090L2F8/707-763
690,,A7SRV9/127-183,A0A1D2MGM2/66-122,A0A5J4NBJ0/367-423
691,,A0A3M7Q1Z7/315-371,A0A2A2J4M8/49-105,A0A4S2L9L9/549-605
692,,T1EIT1/6-62,A0A158PM61/69-113,A0A183ASZ8/613-669
693,,A0A267DZY1/381-437,E0VPH6/65-113,A0A6G0UX54/394-450
694,,A0A4E0RMK1/600-656,A0A1S3DM05/88-132,A0A016X350/130-186
695,,A0A5K4FFG5/1078-1134,A0A6J1T9X6/226-270,A0A0N4WQU1/101-157
696,,A0A183SJ33/194-250,A0A2G8JMA2/212-254,A0A0R3Q060/95-150
697,,A0A0M3JQW4/220-276,A0A6A4J1Q9/81-126,A0A4E0R6M5/236-292
698,,A0A090MY86/405-461,H9JKI4/57-101,A0A2A2KMQ4/115-171
699,,P20268/282-338,E9G058/1-57,A0A1D2MTZ8/474-531
700,,A0A6G0V2R2/415-471,G5EGF2/20-76,A0A1X7TR99/535-590
701,,A0A0N4Y1S2/202-264,A0A2A2K5S7/173-229,A0A3S3QTV2/487-542
702,,C3ZLA9/100-156,A0A183IFJ0/246-302,T1KLF1/626-678
703,,A0A077ZDE0/299-355,A0A090LTF7/371-426,A0A3M7R7U5/127-185
704,,H3DUG9/244-306,E9HCS0/2-58,S4RUZ1/242-297
705,,T1G331/100-156,M7B842/112-167,A0A0R3W8J2/234-289
706,,T1IL11/422-478,T1L4X4/129-185,A0A5J4N7B9/55-107
707,,A0A5N5TKC6/354-410,A0A3M7SR66/172-228,A0A4S2LA12/279-331
708,,A0A3S3PQ87/376-432,A0A226DEL0/322-371,A0A3P8IG78/35-87
709,,A0A2T7P0E3/332-388,B7QLW6/51-91,A0A5K4F056/393-445
710,,A0A1S3JX12/632-688,A0A1D2NK81/21-68,A0A1D2MBQ0/219-274
711,,A0A0L8G1U0/449-505,T1G6J9/70-124,A0A5J4NLF6/129-182
712,,A0A6J1S3L3/476-532,A0A0M3J1V5/54-107,A0A4S2L5L6/238-289
713,,C3XZC3/470-526,T1EKZ2/2-58,A0A2A2JZT9/428-482
714,,A0A2G8KHS7/438-494,A0A177B5K5/80-136,D8SW30/19-74
715,,A0A4C1SBM1/276-332,B3S8U5/1-57,A0A2R6XQZ3/18-72
716,,A0A1V9X8E2/530-586,A0A444U7E8/174-230,S8CJX1/11-67
717,,J9JZG2/503-559,A0A2P4T5I6/127-183,A0A2K3NJQ3/46-101
718,,Q7QG49/321-377,T1EK72/3-59,A0A2Z7BZ35/25-80
719,,A0A1J1HIN7/347-403,A0A183IUP1/93-149,A0A5P1ES96/40-95
720,,A0A553PKN9/856-912,A0A3P7CLI3/31-87,M0TU24/3-52
721,,A0A553PLY9/510-566,T1EK78/3-59,M0TAJ3/22-76
722,,A0A226DBK6/640-697,A0A2G9RLC0/129-185,A0A5S9YBF1/18-74
723,,A0A210Q0D2/431-487,M7C4Z0/17-73,K7KY06/19-74
724,,V4AJI3/99-155,A0A401PJE0/27-83,A0A388KV88/3164-3216
725,,A0A3S1B211/480-536,A0A177B3R3/381-437,A0A087SAV0/36-91
726,,T1H145/16-72,A0A158R7X5/3021-3077,A0A2K3DXB3/16-70
727,,B4Q476/524-580,A0A3P8LHM2/86-142,A0A2V0P4U8/23-73
728,,R7UTJ6/189-245,A0A3P8FI55/27-83,A0A4P9XX65/45-98
729,,A0A1J1HFJ9/405-461,A0A1D1W3I4/211-267,M7BR38/79-135
730,,A0A4Z2FRQ0/66-122,T1EKA3/2-58,A0A0L8GCB5/18-71
731,,A0A444V1S3/185-241,E4XD65/276-332,A0A1J1IM39/514-569
732,,A0A3M0IRM0/275-332,A0A0N4UTA3/55-111,A0A553NF04/271-326
733,,K1PV68/331-387,A0A3P7JBX2/20-76,A0A177B6I2/258-313
734,,S4RID7/306-362,A0A2A2KIX1/230-286,E4XGU4/208-264
735,,A0A1D5PXA9/61-117,A0A0N4U5B5/59-115,A0A553NAW3/292-347
736,,F1QHT0/334-390,A0A6G0V4G4/217-273,F1R4M3/174-229
737,,A0A4Z2IV46/391-447,H3F804/157-213,A0A3P6UJ14/5-60
738,,F1QYS9/319-376,H3ELH1/188-244,A0A2A2JA10/237-292
739,,A0A553PKR5/535-591,R7ULI7/3-59,H3ELN5/366-421
740,,W4Y0P0/72-128,A0A4X3NZ14/57-113,A0A0C2FPE8/39-94
741,,A0A6J1RYC9/463-517,K1Q654/105-160,G5EC36/267-322
742,,A0A6H5I166/987-1037,A0A210Q530/134-189,A0A4U5PC43/228-283
743,,Q9VK71/787-843,Q27W42/101-157,A0A1D1V8V8/239-294
744,,T1FPW1/464-520,E9GJN1/6-50,A0A1X7VWT0/215-270
745,,A0A6J8EMB0/358-414,A0A132AK51/156-205,B3S8C8/185-240
746,,A0A132A629/73-129,W2T6X0/11-63,A0A6G0V2Y8/243-298
747,,A0A1Y3BGZ7/72-111,A7SQ94/2-58,T1EE22/119-174
748,,A0A1Y3ATU6/121-167,V4AIX4/3-59,T1FQ21/387-442
749,,A0A1D1UF79/508-564,K1QJ01/139-195,A0A183T331/331-387
750,,E4WQX8/120-176,A0A6J8EDL3/120-176,A0A167F360/36-90
751,,A7SZ94/88-144,A0A210QQE5/144-200,A0A5E8C1C9/30-84
752,,E4XAN5/287-337,A0A210PYE2/188-244,Q99160/18-73
753,,V8NTX3/122-178,A0A210QWP6/187-243,A0A2T0FLL9/22-75
754,,Q00286/215-271,A0A1X7VKP5/96-152,A0A397IXJ4/16-72
755,,A0A444UAY8/153-209,C3Y5S9/143-199,A0A4P9ZQM5/3-55
756,,A0A4Z2INF4/289-345,C3Y5T1/69-125,A0A0L0G997/132-186
757,,A7SC36/91-147,C3Z6X9/162-217,A0A653BU13/23-77
758,,C3YX43/113-169,A0A3R7QG67/61-117,W4ZDF7/11-59
759,,A0A2B4RJ74/194-250,T1JQ13/251-307,W4YQH7/80-127
760,,R7TEX1/75-131,A0A1D2MKB4/28-84,A0A137P1K5/2-55
761,,T1EKR1/82-138,M7AYA9/3-59,A0A0C3PAZ7/71-125
762,,A0A2I0TXX5/139-195,Q61663/158-214,D6RK41/144-198
763,,A0A2G9S9L7/314-370,A0A210QD48/182-238,A8N2T1/106-159
764,,Q01860/231-287,A0A6J8CJY6/115-171,A0A4Q2DUE9/30-83
765,,P20263/224-280,A0A3M7PV83/131-187,A0A4P9WED7/1-56
766,,Q6MG27/224-280,A0A3S0ZU71/349-405,A0A2P6MX60/43-99
767,,A0A4Z2I0E0/348-404,A0A077ZCN4/146-202,Q6C1F2/278-332
768,,A0A444V4Q5/357-403,A0A2T7P8G5/38-93,R4XDA5/6-69
769,,F6V1T3/39-95,A0A1Y3BHK8/33-80,C3ZLZ0/167-222
770,,A0A177B6U7/405-461,A0A3P8A6F4/49-104,L8HKG7/441-494
771,,T1EIB9/103-159,T1G5S2/23-78,C3Y2K3/1803-1861
772,,A0A2G9R974/329-385,J9MAP0/236-292,A0A397IQI6/27-79
773,,A0A183IS91/13-69,A0A016UV00/41-97,A0A2Z6S102/16-69
774,,A0A077ZH75/339-395,A0A0N4XY11/82-138,A0A4Y9ZCP3/199-254
775,,A0A1D2MB46/178-234,W2TI82/4-48,A0A4Z0A725/6-61
776,,A0A1D2MUN8/196-252,A0A4V6I7R8/114-170,A0A4S4LG97/161-217
777,,T1EI82/87-143,A0A0M3JT56/75-131,A0A0H2RP97/155-211
778,,A0A401NZ92/92-146,A0A0N4UNJ1/119-175,A0A4S8MTU3/151-207
779,,A0A090L121/432-488,A0A3P7JIA8/21-75,A0A4Y9ZCP3/340-396
780,,A0A0B2V5C7/491-547,A0A6G0V3C1/746-801,J4IAX2/369-425
781,,P13528/364-420,A0A5K4F667/185-241,A0A4S4LG97/301-357
782,,A0A090LGM9/309-365,A0A0N4UW07/106-160,A0A0H2RP97/296-352
783,,A0A1D1VAF2/339-395,H3FBN6/45-101,A0A0C3CGS4/332-388
784,,A0A267FYF2/347-403,A0A2P4SUX8/118-161,A0A0C3PV98/331-387
785,,A0A5K4F9G4/918-974,A0A2I0UBY3/8-64,K5Y724/295-351
786,,A7RNB5/94-150,A0A2G9R7G5/167-223,A8N329/334-390
787,,M7C9N2/35-91,M7BY55/109-165,A0A2A9NWY4/309-365
788,,T1FYH3/108-164,A0A3M0KFZ5/103-159,A0A4S4M3A3/323-377
789,,A0A077Z4K0/275-331,M7CBS0/102-144,A0A1Q3DV79/289-345
790,,B3RXT8/110-154,A0A401PFG9/131-187,A0A0C3EQI3/461-517
791,,A0A0R3VU37/197-253,Q9DGM9/65-121,A0A060SLD0/372-428
792,,A0A183SQ17/455-511,Q9DGM8/118-174,A0A5C3QXT5/272-328
793,,A0A183WHM0/158-215,A0A4Z2EWV5/92-148,D8PMP8/349-403
794,,G4LYG2/310-367,F1R2J1/68-124,A0A5M3N6T2/498-561
795,,E9HK36/2-58,A0A4Z2FM79/75-131,A0A0D7A673/302-358
796,,E9HAQ8/43-97,O95231/93-148,A0A0V0YBK2/195-251
797,,E9H981/237-291,A7RNQ9/1-57,A0A2B4SVU4/87-143
798,,E9HMX5/3-59,A0A2B4RZH8/79-134,F1M524/156-207
799,,A0A1D2MBU0/195-250,A0A2B4RX69/91-146,B7PY38/5-55
800,,E9FWA4/1-56,A0A2G9RK79/45-100,V9GWY9/123-176
801,,E9FY27/1-55,A0A2G9RID9/43-98,Q9BQY4/140-191
802,,E9FY29/13-69,A0A2P4SGS6/104-159,Q4TU73/97-149
803,,A0A1X7VUP1/545-600,R7U8W4/87-143,Q4TU83/93-144
804,,Q14863/235-290,R7UGR6/1-57,F1M6S5/95-146
805,,A0A3M0IMF4/188-243,V4AEW6/9-65,Q4TU81/117-167
806,,A0A5B7CHM7/9-64,A0A2T7PBZ9/10-66,Q4TU71/111-161
807,,H9J6W2/7-62,A0A158NGA6/307-363,C3ZKJ2/230-281
808,,A0A158NNN3/658-713,A0A077Z3N0/124-180,T1KA63/96-146
809,,A0A1D1VL26/430-485,A0A4S2LP40/159-215,Q810N8/95-147
810,,A0A401P426/112-167,A0A553PID2/254-310,Q4TU72/102-153
811,,A0A0L8GHS6/511-566,A0A4X3PB30/132-188,T1EHI4/2-52
812,,V4BHE9/118-173,A0A6A4VB78/163-219,A0A4V1IYH0/54-109
813,,A0A433TDA7/337-392,T1KIE6/151-207,A0A5J4Z9W5/53-102
814,,A0A6J8CQJ4/353-408,T1KLE5/99-155,G7E4V8/498-546
815,,R7VCA4/491-546,A0A5N5TJ22/117-173,G4TCD7/97-152
816,,T1FR18/513-568,A0A3R7PRW7/113-169,A0A0L0RZK4/128-182
817,,A0A1J1IXB3/622-677,A0A1V9XWW2/37-93,A0A0C2MRT6/92-146
818,,A0A6A4WIF4/235-290,F6S3B3/182-238,A0A183ILY5/823-879
819,,W4Y400/271-326,A0A4Z2ICH7/104-160,A0A163IQ72/11-66
820,,A0A2G8JLI8/293-348,A0A131ZSQ0/20-68,A0A316W5V0/116-168
821,,A0A267GNC3/361-416,A0A183CU79/129-177,F4PB81/184-240
822,,B7PEU7/390-445,A0A2A2L4Y0/136-185,A6PW38/241-295
823,,A0A132A2W9/1044-1099,A0A553PID8/179-235,A0A0G2K871/174-225
824,,A0A267DVW8/278-332,A0A2P8XPN8/14-59,Q4TU78/146-197
825,,T1G4Q1/96-151,A0A4U8UV48/146-194,Q2MDF8/134-185
826,,S4RBT1/96-151,A0A1X7VMJ1/205-261,Q4TU79/98-154
827,,A0A1V9XZ11/267-322,H9JY96/24-80,B1APN4/169-220
828,,E9FYK2/127-182,E4X3Z8/156-212,O70238/152-205
829,,A0A4V3SEA3/368-423,A0A177B3W2/126-182,M0R9K0/152-208
830,,A0A4E0RPF6/329-384,A0A0N4U9A0/147-195,Q4TU74/152-208
831,,A0A3Q0KN71/351-406,A0A0N4UKT2/28-84,Q9EQM5/152-208
832,,A0A0R3W6N0/295-347,A0A0B2VLH3/140-196,A2ANE0/134-186
833,,A0A177B8R8/845-900,A0A090LBA9/164-220,A0A1D2VDL1/106-160
834,,A0A1X7VDQ6/349-404,T1G7Y1/2-58,A0A507DKF3/163-218
835,,A0A507D6A9/264-317,A0A4Z2H068/130-186,A0A139AMN8/128-182
836,,A0A507EPY4/204-257,A0A4E0RBK6/469-525,A0A0L0SQ45/63-119
837,,A0A2B4S3Z8/505-561,A0A2F0BEQ9/10-66,H3H4A1/1080-1144
838,,A7RWM6/56-99,P50576/138-194,Q5KA02/319-374
839,,A0A507D6K3/313-368,A0A6G0V4Y5/126-182,A0A4V6XVN9/154-204
840,,A0A433TNQ5/219-262,H3FTB1/124-180,A0A1X6NRS8/213-261
841,,H3G2A0/215-271,A0A016SKR2/86-142,F1M859/36-88
842,,A0A1D2MU31/119-169,A0A2A2J8S1/57-113,Q8BX39/29-81
843,,G4VCG2/233-286,Q18273/103-159,A0A1W2PPK0/26-78
844,,A0A507EP86/98-151,A0A4U5MGU8/121-177,A0A1W2PPF3/17-72
845,,D8SJX2/7-61,A7RPR7/12-68,A0A2B4S2E2/32-86
846,,A0A2Z7AMX7/476-532,A0A3M7RT80/186-242,A0A2B4SWE0/61-114
847,,A0A0R0JBV9/47-102,A0A5N5SYL5/32-76,A0A3M7P1P9/155-211
848,,A0A654EDL9/41-96,A0A553NTH1/88-132,A0A3M7S3D8/155-211
849,,A0A2K3LB36/22-76,E4XYU6/143-199,B7PGL8/365-436
850,,A0A2U1PCL2/29-83,A0A0N4UTV7/131-175,A0A1V9XDR5/103-174
851,,A0A2U1N528/6-60,B3SCK2/163-219,T1JIJ5/280-351
852,,A0A2U1QDH6/25-81,T1EIS2/1-57,A0A2T7NQK4/345-416
853,,A0A2R6X8P4/20-74,A0A0R3W4J8/265-321,A0A183IN88/312-385
854,,A0A2K1JD32/25-78,A0A183AE58/419-475,T1EIR0/1-44
855,,A0A0J7YNI6/68-123,A0A3P7L5N6/513-557,R7TT64/14-86
856,,A0A0R0IUJ3/5-60,F7AN00/123-179,T1EXU1/240-312
857,,A0A0R0KE85/25-80,A0A177B7H4/345-401,A0A0L8FHR7/336-407
858,,A0A5S9XPS9/21-76,T1EHM6/8-64,A0A6J8DHC6/265-337
859,,A0A2K3PQW2/20-75,A0A0B2VB38/97-153,A0A210PY85/306-378
860,,A0A392MSG7/18-72,A0A158NU50/69-125,A0A3S1A6C0/311-383
861,,S8DL81/34-89,A0A0L8GJT1/90-146,A0A1S3KEG4/240-305
862,,A0A5P1EED0/18-74,R7UJW8/2-58,A0A0B1S3E1/22-95
863,,A0A2U1NWU4/20-74,A0A553NV14/183-239,A0A0N4VRH5/27-100
864,,A0A0P0X9D8/22-73,A0A2P4SC40/2-58,Q9TYT0/216-289
865,,A0A1R3L7C1/18-67,A0A3S3NUK5/37-93,A0A6G0URT2/340-413
866,,A0A5P1E8U7/15-65,A0A482XAT0/28-84,H3FD71/297-367
867,,M0U391/18-67,T1EEW0/181-237,A0A090L9C3/301-374
868,,M0T949/16-64,A0A210R556/80-136,A0A2A2L8R5/315-388
869,,E1Z3B4/428-477,V4BYW7/2-58,A0A443QTN2/314-385
870,,A0A250X9P1/27-76,A0A2T7PR03/157-213,A0A0V0XSV6/243-315
871,,I0Z203/31-84,A0A3S0ZBR6/23-79,A0A3S3QVE0/184-253
872,,A0A383WHK0/42-86,A0A3M7S6A2/25-81,V8PDM3/258-328
873,,A0A699ZVB0/20-65,C3XTC2/51-107,A0A401NIX6/282-352
874,,A0A1Y1HK01/35-86,T1JWN2/62-118,A0A4Z2FKG0/34-103
875,,A0A168RYS6/59-114,A0A423SC65/90-146,Q4H3K0/100-171
876,,L8HL96/457-511,A0A210R4V4/109-165,C3ZXI6/315-382
877,,A0A165MAQ2/128-173,A0A2B4SVZ1/109-165,W4XHC3/135-203
878,,A0A165MAK7/129-173,F6U3K1/182-238,A0A0B2VD45/81-137
879,,A0A6J8BAF2/83-135,Q5EVF2/89-145,A0A2P8XWD5/22-72
880,,A0A210QFA5/93-145,T1IQT9/93-157,A0A158NUQ3/22-74
881,,R7TI74/182-234,T1G2X8/2-58,A0A6J1T0D0/26-77
882,,A0A3M7RM31/149-198,A0A267GRN6/90-146,A0A1D2N5L9/27-78
883,,A0A1S3IB68/86-137,A0A444UHY2/55-111,A0A226DJR1/38-89
884,,A0A267FR31/357-413,A0A0R3PSL0/32-88,Q78ZR5/9-60
885,,A0A0R3VV71/170-225,A0A090LEE3/195-251,A0A2P4TE38/7-60
886,,A0A653BS77/178-234,A0A4U5N0Z8/153-209,A0A2B4RVI3/12-60
887,,A0A1E3QAA5/61-108,A0A131ZVH5/44-100,T1EHK2/3-56
888,,A0A433P805/35-89,A0A177AYH2/10-66,A0A5N5SPH6/13-68
889,,W4ZDF8/18-64,A0A1Y3APC7/23-68,A0A2P6NEE6/278-327
890,,A0A1E3PQW2/89-142,A0A423SNY8/235-280,A0A2P6NPA7/82-131
891,,A0A2P6MWB4/125-177,A0A5N5T557/195-239,A8NSG2/19-71
892,,A0A4U8V153/24-75,A0A1D2N3P2/31-77,G4TE94/42-96
893,,A0A4U5LTI7/24-76,A0A183IG46/82-126,A0A423TR54/94-150
894,,A0A2P6MW59/95-145,A0A0V0YIL3/121-173,W4YG36/22-78
895,,A0A4U5MEP1/261-311,A0A6G0V4S8/118-163,A0A5N5T3Q6/632-688
896,,A0A5P1EFV9/750-796,A0A6A4WPJ8/68-124,A0A3M7T332/434-500
897,,K7LLH5/686-729,A0A3P6SB25/217-273,A0A3M7T3A7/431-497
898,,A0A2K3NHX8/3-44,A0A0R3W7L9/148-204,T1ITP8/248-314
899,,A0A2Z7BIF5/559-610,A0A4E0R9W0/211-267,A0A423TMM6/26-92
900,,A0A5P1FBW1/637-679,A0A4S2LFX5/208-264,A0A6J8E6J6/288-354
901,,M0SUT5/505-555,A0A5J4P5M1/124-180,A0A0L8FTH5/171-237
902,,Q8H991/622-662,A0A3Q0KPJ8/277-333,V4APN7/256-322
903,,A0A5S9XDW2/623-666,E9GA37/1-57,A0A3M7T332/672-728
904,,A0A2U1QNN3/553-596,A7S291/10-66,A0A3S3SM50/384-451
905,,D8SY00/453-500,A0A423SFC1/31-87,A0A132AJU2/471-538
906,,A0A392MGY6/188-232,A0A2P8YAI3/7-63,T1KTH8/1172-1239
907,,K7LWS9/486-530,A0A0L8FI58/11-67,A0A553P4S1/297-363
908,,K7LC20/499-542,W4XUY8/248-304,A0A1S4EKG7/559-625
909,,A0A2Z7CRL0/406-450,A0A6J8CGL6/87-143,A0A1V9XA85/680-747
910,,A0A5P1FMG8/481-523,T1JKT6/24-80,A0A1W0E950/28-82
911,,M0TT42/495-537,D6WB35/25-81,A0A0G4J5W3/76-132
912,,A0A2U1PLD1/96-140,A0A1D2N937/13-69,A0A1Y3BVC9/164-217
913,,S8CXB0/344-388,A0A158NMJ3/165-221,Q3UL53/19-62
914,,A0A178V6K6/462-505,A0A1J1HKC2/133-189,D3Z8J8/19-62
915,,Q6Z441/444-490,A0A6J1T139/25-81,A0A444URP5/97-142
916,,A0A2K1KLN5/518-560,A0A4C1TN83/70-126,A0A2P6N071/38-81
917,,A0A4U8V284/49-103,V3ZS89/9-65,E9H4R9/46-101
918,,A0A4U5LYX2/46-100,A0A2T7PRN2/115-171,B7PY36/7-62
919,,A0A4U8UJU8/48-102,K1Q149/127-183,A0A0C2ILT4/23-67
920,,A0A4U5LYQ6/62-116,J9MAI3/111-167,A0A0L0SRW6/156-212
921,,A0A4U5LYP0/66-120,E0VB31/30-86,A0A4E0RJI3/344-389
922,,A0A4U5N3S3/64-114,A0A6H5IE82/144-200,A0A183ALR3/346-390
923,,A0A4U5LYH1/109-162,A0A1S3D8Y8/154-204,C3XQD6/249-293
924,,A0A433P7M0/237-294,A0A1D1WA51/121-177,Q018M5/193-243
925,,A0A2K3M4S2/26-84,A0A0D8XB21/102-158,Q22811/395-447
926,,A0A392QPL6/21-79,A0A016VLT2/50-106,A0A6G1FU62/195-236
927,,A0A2R6WSN5/6-64,A0A2G9UZU0/82-138,K1QLB4/13-64
928,,Q9AV49/29-87,A0A4U8UNN3/142-198,A0A1E3PMW6/249-302
929,,A0A2U1P7S9/17-75,A0A0N4UBL9/27-83,A0A4P9X0L9/184-240
930,,A0A2K3PB51/20-78,A0A0B2V158/75-131,A0A024TTS3/726-786
931,,I1KV33/19-77,A0A0J9XWS2/57-113,A0A024GCE3/873-935
932,,Q5QMZ9/12-70,A0A6G0UIH4/82-138,H9JEJ9/273-332
933,,A0A388KAZ0/5-63,A0A4X3PCJ5/192-232,A0A2G9RV43/418-470
934,,I1K476/24-81,Q09602/131-187,A0A1D5NUM1/482-530
935,,D8SLJ8/14-71,A0A2A2L073/71-127,B0R0H7/257-312
936,,D8R2G3/6-64,A0A3P7MWV4/32-87,A0A401PPC5/387-440
937,,A0A1Y1IAZ9/14-70,A7RYF6/7-63,F1QQ52/897-945
938,,Q6AU46/169-219,A7RG46/1-55,F1Q9L7/530-575
939,,W7HVS2/54-108,A7SSE9/2-54,A0A0K6FU95/72-123
940,,A0A2A9N5V3/13-67,A7SFC2/8-63,A0A210Q167/169-220
941,,K5Y836/110-155,A7SSE8/3-58,A0A6J8BFY7/196-247
942,,A0A0C2XPY2/1-43,A7S222/3-58,K1P8V9/204-255
943,,A0A5M3N6H9/162-213,A0A2B4S2C1/91-146,A0A165PYD5/250-303
944,,A0A4V4HIR0/141-194,E9GI75/1-47,A0A3M7PG35/46-111
945,,A0A4S8MW64/10-62,A0A653CLW2/3-58,Q17788/277-332
946,,A0A0H2SFN0/165-218,A0A1X7V2F8/702-758,A0A2P4SQE7/29-85
947,,D8PR89/153-208,A0A401Q8W4/90-145,A0A091QD77/861-917
948,,A0A0H2S8Q6/159-209,A0A091QXT3/49-104,A0A401PLD9/2145-2201
949,,A0A0C3FWX8/165-216,A0A3Q3AAI4/7-59,A0A077Z2H2/808-864
950,,D8PSD7/104-146,A0A2P4TC05/101-142,T1JZP0/2232-2288
951,,D8PSE1/111-152,Q8N7R0/40-95,B7PJQ2/1560-1616
952,,J4IAL9/152-201,Q80Z64/98-153,A0A0R3PWK5/138-194
953,,G4TX77/204-259,A5JNG8/196-252,A0A0N4XE21/312-368
954,,A0A0C9UPX2/160-213,A0A4Z2J5H1/234-289,A0A0N4V0D2/551-607
955,,A0A067MVU6/189-232,A7RLB5/5-57,A0A6G0ULS3/914-970
956,,A0A0C3LD69/213-256,R7U019/9-61,C3ZBH5/2023-2079
957,,A0A177UZQ6/150-202,A0A1W5BFR6/268-320,S4RW04/694-750
958,,A0A0D1ED63/145-191,V3Z6R3/34-86,A0A1J1J843/1946-2002
959,,A0A316UPB2/229-274,A0A2P4S9D0/147-199,A0A5B7EE69/32-88
960,,A0A2N1JH56/148-188,A0A3S1BTY9/327-379,E9FTE1/1041-1097
961,,A0A3M7Q912/201-255,A0A1D1UWL6/148-200,A0A6J1TB95/2095-2151
962,,A0A507BV56/196-246,T1IIS6/147-199,K1Q9D5/1052-1108
963,,A0A507C0N6/191-240,S4RYU2/148-200,H9JR61/1815-1871
964,,A0A397G6J4/169-215,A0A0R3PS60/77-128,W4YNH1/2026-2082
965,,A0A2H9TKE1/142-190,A0A3P6QKQ0/115-173,V3YXS2/1571-1627
966,,A0A4P9WF42/1-54,A0A0N4UMC4/28-79,S4R5K8/132-188
967,,A0A4P9WET2/3-56,A0A0K0JHK1/116-167,A0A553N9I1/1506-1562
968,,A0A2P6NC60/69-124,A0A2A2LLD7/146-187,T1EIV9/1-57
969,,A0A2P6N137/293-344,A0A0T6BGU6/43-95,A0A2G8LQU1/1968-2024
970,,A0A2P6N8M9/55-105,D6WB30/108-160,A0A4E0RX51/638-694
971,,A0A2P6NXK7/811-861,A0A1J1I016/160-212,A0A5K4F0E6/545-601
972,,A0A4P9XF05/73-126,Q7PXG1/185-237,A0A5J4NDW4/457-513
973,,A0A1R1PLE1/28-83,T1GWX0/64-115,A0A183WS77/603-659
974,,P40923/34-92,H9JKK3/166-218,A0A4V3SCY3/1027-1083
975,,U7PQL3/749-804,A0A4C1YNT6/56-108,A0A267ECZ9/571-627
976,,A0A075B050/54-109,A0A443QYT1/20-71,A0A6A4WFC1/169-225
977,,A0A507FIR1/157-211,B3S8U8/7-58,A0A4Z2FFP3/1663-1719
978,,A0A2P6MM65/938-994,T1G455/7-58,A0A1D1V9N5/1622-1678
979,,A0A3P6QKX1/210-251,E9HPJ2/196-247,A0A3P6T085/214-270
980,,A0A0K6FTE8/32-86,A0A1D2N794/41-92,A0A177B7R3/1622-1678
981,,A0A2G8JUD4/108-157,A0A226E7D4/283-334,A0A158R762/608-664
982,,E3KAN8/410-463,A0A5B7DP45/190-242,A0A5N5T3Q6/1123-1179
983,,F4RWA6/42-95,A0A5B7DQS1/553-605,A0A226EBQ6/66-121
984,,R0KSH3/29-83,T1KZY8/132-183,C3Z1B2/729-779
985,,C4VAF9/20-74,A0A1X7VMI7/106-161,A0A1W2PPF3/103-155
986,,A0A1W0E5X3/135-188,A0A2G8JMM2/108-164,B7PRM6/128-191
987,,G5CRI3/62-104,A0A3P7L712/52-103,A0A4U5MEB6/190-245
988,,A0A1Y2GRB5/19-74,T1L1W3/124-180,A0A4U8UPU4/243-298
989,,A0A397TZ10/7-59,A0A6J8AIL6/100-156,A0A2K3NSJ1/83-143
990,,A0A1Y1VM75/351-406,A0A6J8AIC8/117-173,A0A5P1F5H3/97-157
991,,A0A4S4M3A3/184-239,A0A6J8A871/112-168,M0UAC0/104-164
992,,A0A0C3CGS4/174-229,A0A6J8C8D1/110-166,M0TEJ5/61-121
993,,A0A060SLD0/221-276,A0A6J8AIP0/109-165,M0SEQ0/109-169
994,,J4IAX2/194-249,A0A6J8C8S9/110-166,M0SXI7/76-136
995,,A0A0C3PV98/186-241,A0A6J8A349/98-154,A0A2K3LSU6/23-83
996,,A0A1C7MS06/196-239,A0A6J8A2P8/124-180,A0A4U5MEL8/91-146
997,,K5Y724/154-210,A0A6A4WVH7/64-120,A0A177B8R6/159-211
998,,A8N329/185-241,A0A433U9M5/382-438,A0A6J8BXE8/652-710
999,,A0A2A9NWY4/168-224,Q7K756/12-68,M5FVJ3/166-220
1000,,A0A4Q2DVW4/190-230,A0A553NQI0/439-495,A0A0N4SV92/19-72
1001,,A0A1Q3DV79/146-201,E9G181/4-60,A7SRG0/54-109
1002,,A0A0C3EQI3/286-340,M7AY87/378-434,A0A5M3MMW8/12-74
1003,,A0A5M3N6T2/306-359,A0A1D5P7T8/65-121,G3UX37/15-67
1004,,A0A0C9UEG4/57-112,R7TTR6/166-222,A0A177BEW1/44-88
1005,,D8PMP8/129-183,Q7YZD1/156-212,A0A0N4UAY3/78-122
1006,,A0A5C3QXT5/146-196,A0A653DD10/158-214,A0A1D2MTZ8/155-203
1007,,A0A0C2TW07/168-214,W4XPY5/181-237,Q8AYB8/12-64
1008,,A0A4S8MTU3/282-338,O35767/138-194,A0A444UFL1/15-66
1009,,A0A0C9UEG4/298-352,A0A3S1BTT5/80-136,A0A401NUW2/58-107
1010,,A0A164SNU6/249-302,E0VTW4/75-131,R7U2X7/10-66
1011,,Q869W0/486-542,A0A158NGA5/117-173,A0A443Q900/66-121
1012,,A0A507ELL2/188-239,A0A6A4JM00/174-230,A0A0C2N5P1/165-219
1013,,A0A507F707/179-229,T1HQ59/31-87,A7SRG1/53-108
1014,,A0A507EPF9/249-299,Q5TT70/278-334,A0A1X6PEW2/154-207
1015,,A0A507EMU7/186-237,A0A1J1HLK7/238-294,D8SHS9/187-246
1016,,A0A0C3QNS9/95-145,A0A6J1SW42/199-255,A0A4Z2FFP3/2426-2477
1017,,A0A0R0M3M3/27-69,A0A4C1WZJ0/230-286,A7SHT3/145-196
1018,,A0A1Y1VIT6/70-118,H9JMF1/233-289,V3ZWA0/25-81
1019,,A0A138ZZE6/101-150,A0A0T6BFE3/163-219,A0A401PD71/624-679
1020,,A0A139AFL8/14-60,A0A482XVF7/174-230,V8NN01/34-89
1021,,A0A507FRU6/430-480,A0A4E0RAU0/326-382,B7PRM6/313-378
1022,,A0A2P6NAL1/259-299,A0A4S2L692/191-247,A0A1S3HET3/184-257
1023,,A0A437APY2/2-56,A0A5K4FFR3/327-383,F6VXD9/78-150
1024,,A0A0V0XSC0/460-505,A0A0R3W4P4/172-228,A0A177B8M3/154-210
1025,,A0A4V6XVN9/36-80,A0A3P7NSX5/201-246,A0A4P9XS17/183-241
1026,,C3YSA5/62-118,A0A4Z2I8B5/281-337,A0A2P8ZGM0/212-273
1027,,C1E315/32-82,A0A226DH66/234-290,A0A6J1SWC7/292-357
1028,,A0A096PA34/44-89,A0A1D2NBL8/112-168,
1029,,A0A267DS27/135-190,A0A1V9XLD7/240-296,
1030,,A0A3M7S2T1/109-157,P43688/124-179,
1031,,M1V5A5/58-111,A0A0R3PZM0/21-77,
1032,,M5FP52/31-86,A0A016SRL5/107-163,
1033,,A0A2P6NMH3/71-125,A0A4U8UTE3/74-130,
1034,,A0A2P6N6L7/176-228,A0A0M3JT57/114-170,
1035,,A0A553NQI0/341-390,A0A0N4UW06/109-149,
1036,,A0A0C2MRU9/182-235,H3FBN7/87-143,
1037,,A0A0C2MDK8/189-239,A0A1D1V041/139-195,
1038,,A0A5B8MH31/63-113,A0A2A2M1T1/94-136,
1039,,A0A2P6NZI5/74-127,R7TY93/2-58,
1040,,E1Z7K3/136-185,R7TZ27/9-65,
1041,,A0A4P9WQL2/16-66,V4BYI6/3-59,
1042,,B3S8U6/16-70,E9G6R3/3-59,
1043,,L7RBX5/42-97,E4XFW1/136-192,
1044,,M1PHS0/47-97,A0A158PK17/105-161,
1045,,A0A2Z6ZZH2/23-79,A0A0R3WD98/217-273,
1046,,A0A4S8LJT8/287-336,A0A0M3IYN8/42-98,
1047,,A0A067MFG0/50-102,A0A090LGA5/267-323,
1048,,A0A1E4TDU8/308-359,A0A0N4VLI4/49-105,
1049,,A0A437AIF6/56-105,T1EHG6/2-58,
1050,,A0A1W0E4K2/55-98,S4RKL8/3-59,
1051,,A0A1Y1S778/43-87,E9HJL4/7-63,
1052,,A0A1W0E4J2/38-82,A0A553PK46/104-160,
1053,,A0A1Y1S4W8/36-85,Q5BJA8/96-152,
1054,,J9DBH2/11-67,A0A5N5TI82/167-223,
1055,,A0A3M7P4D1/115-159,A0A5B7J9G9/120-176,
1056,,Q86DC2/389-442,A0A5N5TE12/129-185,
1057,,A0A507FA24/568-620,A7US45/308-364,
1058,,A0A6N1NX30/188-242,M7BRH1/84-140,
1059,,A0A0L0S906/334-389,A0A1D1VMB8/285-341,
1060,,A0A391P469/88-140,A0A0R3PNB3/18-74,
1061,,C1EG75/441-487,A0A077Z0Z8/126-182,
1062,,A0A165MAW8/163-206,A0A0V0XP46/346-402,
1063,,A0A507CDX2/61-117,A7SQP6/3-59,
1064,,M5G1Y8/182-232,A0A2B4S3H9/97-153,
1065,,A0A024TTS3/389-451,A0A2B4S239/81-137,
1066,,H3H4A1/533-595,A0A1I8G1P3/132-188,
1067,,A0A024GCE3/514-576,A0A267GD07/289-345,
1068,,A0A024GCE3/1034-1097,A7SQP7/92-148,
1069,,A0A6J8BV88/237-285,A0A3S0ZGY6/249-305,
1070,,A0A0G4II66/3-51,A0A1J1HQC9/294-350,
1071,,E3K6R8/183-232,A0A6G0UDQ8/113-169,
1072,,F4RVY3/170-218,A0A3M7REW6/299-355,
1073,,E3K6E7/91-141,H3F0Q5/938-992,
1074,,A0A1Y1Y1K5/154-197,A0A3M7T3J6/120-176,
1075,,A0A2A2KCW9/591-642,A0A3M7RVM9/127-183,
1076,,A0A5N5T3Q6/1464-1515,E4XZP0/4-52,
1077,,A0A098DZQ8/572-619,T1EIL5/2-58,
1078,,U7PYE2/618-662,B3RKR6/2-58,
1079,,G4N881/547-597,T1K3E0/247-303,
1080,,R1D5A4/44-98,M7AVE4/80-136,
1081,,F9XRA8/18-71,V8N1M0/21-77,
1082,,Q5K8U1/231-286,A7RRR7/2-58,
1083,,A0A0S2M637/140-194,A0A2B4RXD6/99-155,
1084,,A0A164WM22/57-101,C4QRY1/200-256,
1085,,A0A096PAQ1/329-384,A0A4E0R537/220-276,
1086,,R1D813/5-57,A0A4S2LYK5/215-271,
1087,,A0A2P6NSJ6/201-250,B3RKR5/1-56,
1088,,A0A507FPL7/32-82,A0A0R3WBZ9/68-123,
1089,,A0A2P6P0A1/164-210,A0A0R3VZH2/73-128,
1090,,A0A163JMK1/19-71,A0A6G0UVF3/150-206,
1091,,A0A168LUK8/19-71,T1JTE7/97-153,
1092,,A0A0C3SES5/202-255,T1JTE6/110-166,
1093,,A0A210R5B9/87-128,A0A6G0V5F7/22-78,
1094,,A0A210R5Q5/87-127,T1EKA5/2-58,
1095,,A0A210R5U6/103-151,T1EEV8/253-309,
1096,,A0A210PWE2/85-124,A0A226ENV6/264-320,
1097,,A0A2T7PAH1/28-70,A0A0N4XAA7/4-60,
1098,,A0A3S1A108/86-128,A0A3M7REL8/185-241,
1099,,A0A210PWC6/90-132,A0A1D1UWE1/131-188,
1100,,A0A0L8FKH9/53-94,J9M516/267-323,
1101,,K1RYM7/79-127,A0A4U5MLT5/226-282,
1102,,A0A0L8H553/31-74,T1EKA4/2-58,
1103,,T1JH97/362-409,B4R0Z9/3-59,
1104,,C3ZHN5/81-125,A0A077Z816/30-86,
1105,,Q8N5B7/90-134,A0A0V0Y5X5/89-145,
1106,,B2RYI9/90-134,E9G181/86-142,
1107,,A0A401NXG1/98-142,V4C5P1/2-58,
1108,,A0A4Z2IKS8/82-126,A0A6J8EZ06/126-182,
1109,,A8E7D4/82-126,A0A0L8GWD8/97-153,
1110,,A0A4Z2E4E0/17-62,A0A2P8Z9U6/66-122,
1111,,S4RX07/42-87,D6WZY4/110-166,
1112,,W4XC45/77-125,A0A423SBC8/29-85,
1113,,Q4H396/83-123,A0A3M7T3C0/200-256,
1114,,A0A2B4SGF6/87-128,A0A158NGA4/177-233,
1115,,A7RXN1/87-128,T1K3E2/225-281,
1116,,Q8IU89/81-125,T1GRL2/101-157,
1117,,B1H294/81-121,T1EKB3/2-58,
1118,,E7F9X7/83-126,A0A1D1UTG2/113-169,
1119,,A0A4Z2H3A4/83-126,A0A2P4S3Q5/23-79,
1120,,Q924Z4/74-126,V8P096/40-96,
1121,,A0A1D5PKE9/167-222,A0A662YN92/117-173,
1122,,A0A3M0J7V7/501-547,F6NGH9/99-155,
1123,,I3ITB3/83-126,A0A3Q0KN91/369-425,
1124,,A0A444V556/725-770,A0A2H1CT86/156-206,
1125,,E7F1Q9/79-128,A0A1Y3BUV9/9-55,
1126,,F1QVG1/81-123,A0A1V9XFH3/59-115,
1127,,S4RVD1/73-126,F6UL80/156-212,
1128,,D3ZU86/83-126,A0A1X7VJU1/114-170,
1129,,A0A2F0B4D2/82-126,A0A0R3W441/184-240,
1130,,Q9HA82/82-126,H2L2F8/6-62,
1131,,A0A0R4ID15/84-123,A0A183A983/108-155,
1132,,A0A4Z2JHA4/111-170,A0A183SB28/162-206,
1133,,A0A6H5HJD6/108-151,A0A1V9XYX9/82-126,
1134,,R4G7Z2/84-127,A0A183IDN3/422-464,
1135,,A0A6A4JQE2/84-127,A0A2A2LJA7/7-49,
1136,,V4B0Q5/86-129,T1EK99/2-58,
1137,,A0A553PPU6/83-126,A0A183AGR6/61-110,
1138,,A0A401NIX4/102-145,A0A3M7SB41/182-238,
1139,,A0A2P4T8L4/33-83,A0A177AWY5/42-98,
1140,,A0A2I0TZ65/129-177,T1EIX1/2-58,
1141,,A0A091QEJ1/78-123,A0A4V6A082/124-180,
1142,,A0A3M0JIX2/175-224,A0A6G0UQ45/115-171,
1143,,A0A2P4SXK0/71-122,A0A553PTX4/3-58,
1144,,A0A2P4T5Q9/85-125,E4WRF0/183-237,
1145,,Q1L8N1/78-132,W4YPV9/301-356,
1146,,A0A6J8AXM7/120-162,B3RKR7/1-56,
1147,,A0A6J8AYR7/83-122,A0A183IIM5/69-124,
1148,,A0A6J7ZWY7/393-434,A0A1D1VDX7/114-170,
1149,,F6S909/81-121,A0A4C1VNN8/52-108,
1150,,A0A1D1V1A0/82-122,H9JAD9/4-60,
1151,,A0A1D1V7G4/79-125,H9JA52/14-70,
1152,,Q4H398/75-119,A0A4C1VMB4/165-221,
1153,,Q7PY62/86-129,C3Y0P5/9-65,
1154,,A0A482X1H4/85-127,F6XKF8/172-226,
1155,,T1KA74/82-128,T1EIK2/3-59,
1156,,A0A4S2M6S8/88-129,A0A1D2MT56/72-128,
1157,,A0A2P6NSJ6/260-313,A0A3P6NPH4/28-84,
1158,,O16749/95-134,A0A401P0X8/195-251,
1159,,A0A024TP71/53-100,T1G615/7-63,
1160,,A0A4U5M0Q6/349-395,A0A0C2N0Z2/132-186,
1161,,A0A0M3KBI7/225-277,A3FPJ2/43-98,
1162,,A0A2P6N1K5/786-837,D2A679/24-79,
1163,,A0A075AU14/6-47,A0A139WCE0/57-112,
1164,,A0A4U5P1I3/157-208,A0A0C2IVN7/146-202,
1165,,A0A1Y1VIT6/19-60,W4Y7U1/167-223,
1166,,A0A138ZZE6/52-93,A0A090LI20/67-122,
1167,,A0A5J4Z290/290-341,A0A4V6I882/36-91,
1168,,A0A137P4F4/6-56,A0A0M3JVJ2/41-105,
1169,,A2EE36/499-548,A0A6G0UJE5/457-499,
1170,,A0A058ZHF8/120-168,A7RY67/4-59,
1171,,V6LNQ1/62-111,A0A2G9UK95/72-128,
1172,,A0A075AXL2/31-72,A0A2G9QLI1/21-75,
1173,,A0A067MQ21/6-48,E9G0R7/4-58,
1174,,A0A1C7MSS3/12-58,Q9W064/437-491,
1175,,W4Z299/802-848,J9KRE9/635-689,
1176,,A0A2G8KF47/710-757,A0A3M7QPP0/168-222,
1177,,Q9U2M6/115-155,Q91975/12-66,
1178,,A0A553NZH7/165-221,A0A401Q4F4/159-213,
1179,,R7UWG7/165-209,A0A444U457/150-204,
1180,,E4WW49/11-61,B3RJN6/3-57,
1181,,O17184/78-125,A0A0G2KJM4/24-78,
1182,,T1JQH0/79-151,A0A4Z2IFD7/137-191,
1183,,C3ZXI5/267-326,A0A5B7HI61/29-72,
1184,,A0A3P7J6Q5/4-48,A0A132A6E0/119-162,
1185,,A0A183TN21/340-392,A0A2J7PLY9/580-634,
1186,,Q54X22/170-226,T1G1M3/3-58,
1187,,I0Z3G6/20-67,S4S023/24-78,
1188,,A0A1V9XUB4/26-75,A0A6A4K3A7/651-705,
1189,,A0A433SNG9/137-186,C3YGX1/224-278,
1190,,A0A2T7P8S1/17-67,A0A2G8K9K8/36-90,
1191,,K1PRV1/21-71,W4YGB7/334-388,
1192,,J9LXD3/14-64,A0A2R2MPT5/219-273,
1193,,A0A1S3DGZ9/20-70,A0A1J1I9G0/96-150,
1194,,E9GY16/20-70,P10035/298-352,
1195,,A0A5B7DX49/250-304,A0A2B4RLB9/151-205,
1196,,A0A5N5TPH0/813-857,A0A6H5HVQ0/129-169,
1197,,A0A4S4KCW6/178-233,V8NXI4/288-336,
1198,,A0A2P6NGU8/130-181,A0A6A4UZN0/134-199,
1199,,A0A163JC17/297-351,H2XXU6/470-524,
1200,,T1FEC3/91-145,A0A0V0YLU5/163-217,
1201,,T1EHM5/8-62,A7RRU5/1-54,
1202,,T1G8J5/9-62,A0A2B4RCX0/118-171,
1203,,Q5FC44/77-124,A0A4S2LNW0/265-318,
1204,,A0A0C2N4S4/38-85,A0A4E0RXY6/248-301,
1205,,A0A4U5P1I3/288-340,A0A183TPB5/241-282,
1206,,A0A2P6NEE6/44-92,A0A177BEG7/108-161,
1207,,A0A2P6NXH9/159-213,A0A1D1V9A1/114-154,
1208,,K1PQK3/3-54,T1KUI0/76-130,
1209,,A0A4Q2DYC9/34-85,A7RH40/5-59,
1210,,A0A3M7R963/79-132,A0A1S3JZS3/319-375,
1211,,A0A4U5PEM9/216-269,R7U2V6/1-50,
1212,,A0A226E3E4/420-471,T1G5P6/3-53,
1213,,A0A2A2K2E9/11-59,J9LV76/43-96,
1214,,A0A1D1W1N2/263-311,A0A4E0R6E9/224-280,
1215,,F4JRF5/5-53,A0A4V3SFX3/244-300,
1216,,A0A5B8MVD2/70-125,A0A0R3W2G9/181-237,
1217,,A0A2Z7C772/4-54,A0A1X7VMI1/760-815,
1218,,A0A2Z7C079/4-54,A0A1S3DF01/2-55,
1219,,D8PNJ5/41-89,V4A086/1-57,
1220,,G7EAJ9/156-207,A0A210Q4J0/156-212,
1221,,A0A5N5T3Q6/179-235,R7TRL6/1-57,
1222,,A0A1W0E5Z7/33-89,W4YXJ7/220-276,
1223,,A0A090L6D3/59-102,C3Z2E7/188-244,
1224,,B7P0Y8/179-244,A0A6J1T4I0/482-538,
1225,,T1KTH8/798-864,K1QKW3/8-52,
1226,,A0A1Y3B7G5/16-82,A0A5N5SUP2/273-329,
1227,,A0A4C1THN8/104-170,A0A6A4VI81/146-202,
1228,,A0A158NTA3/386-452,A0A482XP35/88-144,
1229,,A0A1S4EKG7/241-307,A7RGJ7/7-63,
1230,,A0A1J1IWN2/256-322,A0A2B4RWT4/95-151,
1231,,A0A6H5J1Z4/356-422,A0A4S2MDJ3/106-162,
1232,,J9K8K8/303-369,A0A183SE12/35-91,
1233,,A0A553P4S1/31-97,A0A0R3VTJ4/141-197,
1234,,A0A226EHR2/320-385,A0A3Q0KB96/118-174,
1235,,A0A6A4VZF9/71-137,A0A183WYG4/74-119,
1236,,A0A1V9XA85/370-437,D6WTU3/79-135,
1237,,B7P0Y8/391-457,A0A653C7Z8/1-57,
1238,,J9K8K8/662-728,A0A183AEG8/138-194,
1239,,A0A1J1IWN2/556-622,A0A4E0RDF2/127-183,
1240,,T1HLH5/578-644,A7RGJ8/29-83,
1241,,A0A0T6B5J0/410-476,A0A2B4RU62/115-169,
1242,,E9HPY9/700-766,A0A2B4RQI9/88-142,
1243,,E0VQ88/588-654,T1K4J1/20-76,
1244,,A0A158NTA3/587-653,A0A444UH94/139-195,
1245,,A0A6J1TRE9/687-753,A0A158NAU5/182-236,
1246,,A0A6A4VZF9/199-264,A0A1D2MD20/123-179,
1247,,A0A6J8E6J6/622-679,A0A226DCT4/115-171,
1248,,K1RYX0/720-777,J9KS67/88-145,
1249,,V4APN7/644-700,Q9VDH9/97-151,
1250,,A0A3S1ADA9/440-496,T1GMK3/72-126,
1251,,T1F0R4/834-890,Q7QDK5/153-207,
1252,,A0A1S3IVA6/916-972,A0A1J1HS01/104-158,
1253,,A0A267E7J1/571-628,B3RKR8/144-200,
1254,,A0A0N4WUK0/199-256,A0A443RMG6/205-246,
1255,,A0A2A2LS96/379-436,A0A1X7VMI1/1107-1161,
1256,,A0A4V6A2Z1/403-460,C3Y2K3/907-963,
1257,,A0A0M3JWZ6/339-396,C3Y2K3/1193-1248,
1258,,A0A0N4VLA8/206-263,A0A6A4J8S3/54-108,
1259,,A0A6G0US70/376-433,A7RGM9/1-54,
1260,,A0A090MUW3/412-469,A0A091QCI7/16-72,
1261,,H3EB47/442-499,A0A444UQ18/240-296,
1262,,A0A077YYT7/475-532,A0A444UHG3/206-262,
1263,,A0A090L3V0/277-343,A0A3M0J3C1/165-221,
1264,,A0A090L2W5/264-328,A0A2F0BF23/218-274,
1265,,A0A090L2A3/280-333,V8PIH8/53-109,
1266,,E4Y206/10-65,Q90472/192-248,
1267,,A0A4P9X3Y7/376-430,S4R6K8/264-320,
1268,,C3ZIR0/900-942,C3XTC7/3-59,
1269,,A0A0C3GGP9/15-68,T1G8J2/6-60,
1270,,E4XKQ6/2-54,J9KCC8/191-244,
1271,,A0A090LFL2/60-115,T1G553/2-54,
1272,,A0A1Y1Y1K5/223-263,F6ZQ96/154-209,
1273,,A0A2G9S3I9/78-126,T1EHQ3/1-52,
1274,,F4PCF2/41-89,A0A0C2J825/202-258,
1275,,A0A067MWR5/3-51,A0A0C2MYD9/71-127,
1276,,A0A067N7T9/21-77,A0A0C2N8W4/76-132,
1277,,A0A1U7LR05/166-216,E4XQU7/68-134,
1278,,A0A137NSJ6/1-51,A0A3S3P523/93-135,
1279,,J9DB23/36-84,A0A401PFH3/117-159,
1280,,A0A1X0QE46/41-97,A0A2G8KR39/111-163,
1281,,A0A1X0QDU1/33-87,T1G607/1-56,
1282,,A0A0R0LZT7/2-55,A7SIL1/155-210,
1283,,R0KM55/24-76,Q0N4G7/2-57,
1284,,Q8SWA6/36-87,A0A2B4RK17/128-183,
1285,,R0MDS8/36-86,A0A2B4RJZ7/138-194,
1286,,A0A1Y1S6I5/31-82,A0A2B4RLQ6/140-195,
1287,,A0A1Y1Y1K5/275-330,A0A2B4RS60/137-191,
1288,,A0A1D1VT65/219-272,A7RHQ5/40-94,
1289,,A0A4P9ZN45/405-460,A0A653C0H4/224-273,
1290,,A0A4U5LYP4/118-173,A0A4U5MF55/54-109,
1291,,A0A267ERJ8/271-326,P20270/25-80,
1292,,R1E317/105-158,Q9U1R1/149-204,
1293,,A0A4P9ZU34/25-72,A0A0N4U9E7/32-78,
1294,,A0A077ZWQ0/176-222,A0A0C2N8Y5/256-312,
1295,,A0A077ZYG6/186-238,A0A3P6NTV3/110-165,
1296,,A0A1R2B335/34-79,A0A3P6QFH2/213-254,
1297,,A0A1R2CBQ7/32-77,A0A0C2JUB9/192-246,
1298,,A0A1R2CIF9/32-77,A2ANE1/155-210,
1299,,A0A078A0C9/344-389,H3EFT5/264-319,
1300,,A0A1R2BUD1/42-97,A0A4X3NYC2/864-916,
1301,,A0A1R2BD68/46-90,A7SAT4/3-55,
1302,,A0A1R2CZ96/46-90,A0A2T7NLC9/63-107,
1303,,A0A078ADC9/237-284,T1KTI6/31-84,
1304,,A0A077ZTJ9/277-330,A0A3S3S3W0/139-180,
1305,,A0A078A747/92-137,A0A132A651/585-626,
1306,,A0A078AI38/268-316,A0A4Z2FLA5/116-156,
1307,,A0A077ZQS8/255-305,A0A3S3RWU2/44-89,
1308,,A0A078B5Y2/181-224,A0A158PM45/53-95,
1309,,A0A077ZXX2/195-239,H3G0D3/198-247,
1310,,A0A078AIL8/169-218,A0A226DX98/98-146,
1311,,A0A078AJF6/56-101,A0A1J1HNA8/675-731,
1312,,A0A078BF74/300-340,A0A1D1VB47/169-225,
1313,,A0A078AB09/164-213,R7UCX5/14-70,
1314,,A0A078BE23/90-136,W4YEJ6/145-201,
1315,,A0A077ZQ61/101-147,E7FDX5/122-178,
1316,,A0A078AM64/182-227,T1H6H9/22-78,
1317,,A0E845/7-62,A0A5B7GTF2/61-105,
1318,,A0A0C2MBS6/128-182,A0A2P4S349/75-131,
1319,,A0A0V0XSC0/233-282,A0A3M0KUY0/23-79,
1320,,A0A077Z4W5/133-186,A7S0N4/20-76,
1321,,A0A1Y1Z5J2/14-70,A0A2B4SN51/121-177,
1322,,O17102/232-283,T1JWV5/144-200,
1323,,A0A165DDP9/116-167,D4A7L0/84-140,
1324,,A0A075B537/10-50,A0A0R3VSB6/209-265,
1325,,C3ZKJ2/153-193,A0A5J4P0B6/39-95,
1326,,M0RB08/21-62,Q26604/38-94,
1327,,A0A423U0B5/276-331,A0A183WNH6/35-80,
1328,,A0A5B7DRL2/383-438,Q5EVI1/109-165,
1329,,A0A4U5PED3/114-169,A0A177AXH6/253-309,
1330,,A0A4V5ZX67/46-104,A0A3M7RKN2/209-265,
1331,,A0A4U5MEP1/95-146,T1EHC2/2-57,
1332,,H3EG61/143-197,T1F692/84-127,
1333,,Q9N2V1/157-207,A0A3P7PE84/197-240,
1334,,Q557C9/1545-1604,A0A4Z2F8P3/122-178,
1335,,A7T5P9/3-58,Q8AV71/141-197,
1336,,A0A2P6NKU8/34-80,A0A6A4WHM4/35-78,
1337,,A0A2P6N8P1/14-53,A0A183ECD1/36-83,
1338,,A0A2T7PR36/66-110,A0A0N4V162/41-84,
1339,,A0A2P6N1S9/53-94,A0A0M3KC51/22-66,
1340,,A0A1Y2I3L8/342-396,B4QYX2/93-148,
1341,,A0A1X7RBN4/5-61,B3S8Q5/4-54,
1342,,A0A024TTS3/854-911,X1XPC7/8-56,
1343,,A0A2P6NNP7/542-594,A0A132AC80/79-123,
1344,,A0A482X0Y9/18-59,E0VMR5/71-111,
1345,,A0A1Y1Y1K5/487-532,A0A1J1I4P7/16-62,
1346,,A0A226DF10/360-409,A0A0N4U3Z9/188-228,
1347,,C3Z1B2/317-368,,
1348,,S4REF1/656-703,,
1349,,A0A2Z7AME0/269-319,,
1350,,A0A178UCN6/292-339,,
1351,,I1JUE1/256-304,,
1352,,S8E4D8/200-250,,
1353,,A0A5P1FSM0/54-101,,
1354,,Q69XL0/248-295,,
1355,,D8QPI1/201-249,,
1356,,A0A1Y1HKZ4/458-505,,
1357,,V4AD50/46-95,,
1358,,K8EC58/238-288,,
1359,,C1E1Z1/262-313,,
1360,,D8PRB7/43-90,,
1361,,A0A3Q0KF11/79-122,,
1362,,E4XGQ0/194-242,,
1363,,A0A226DX98/274-322,,
1364,,A0A2P6N1K5/842-895,,
1365,,A0A5C3QES2/28-84,,
1366,,C3ZJB7/21-75,,
1367,,A0A0L8GH04/19-72,,
1368,,A0A4Z2FGP2/382-435,,
1369,,E4X1C2/394-447,,
1370,,M7B6Z2/330-383,,
1371,,A0A016VCQ3/30-83,,
1372,,A0A2P8ZLG0/26-83,,
1373,,A0A093BJA0/18-71,,
1374,,B7P4F3/28-82,,
1375,,A0A1D1UVA6/494-548,,
1376,,A0A444UDD1/38-91,,
1377,,B3DI70/362-415,,
1378,,E0VIJ5/180-233,,
1379,,A0A267EZ35/82-135,,
1380,,T1FYB9/1-54,,
1381,,T1EJ75/102-153,,
1382,,T1EJR9/108-159,,
1383,,T1EKJ1/96-147,,
1384,,T1EHV5/105-158,,
1385,,A0A177B703/531-584,,
1386,,T1EI37/101-154,,
1387,,A0A090KYL5/423-478,,
1388,,A0A6G0UFA6/445-500,,
1389,,A0A183IPW5/220-275,,
1390,,A0A2B4RVY6/319-372,,
1391,,A7RU16/120-174,,
1392,,Q5EVF6/277-330,,
1393,,A0A077ZAU9/129-184,,
1394,,Q22812/320-371,,
1395,,A0A164SQ39/29-80,,
1396,,G4TD10/17-65,,
1397,,A0A507CWH5/498-542,,
1398,,R0M3J3/15-70,,
1399,,A0A077Z4W5/203-248,,
1400,,A0A226EL28/100-154,,
1401,,A0A0C9VKP1/41-93,,
1402,,A0A3M7SY74/297-350,,
1403,,G7E3M4/868-908,,
1404,,A0A0C3FE31/158-205,,
1405,,A0A0C3E0M5/99-151,,
1406,,A0A0C2XRA6/154-203,,
1407,,A0A4Q2D8A3/84-133,,
1408,,A0A1Q3EBB5/64-113,,
1409,,A0A5B7CKE8/62-110,,
1410,,A0A423TP15/197-245,,
1411,,A0A6A4WN93/337-388,,
1412,,A0A075AUL5/41-91,,
1413,,A0A1Y3BVC9/241-297,,
1414,,A0A067MQ21/412-464,,
1415,,Q54ZP8/437-479,,
1416,,Q54YI1/20-65,,
1417,,E4XHR2/431-475,,
1418,,A0A0V0XEE5/102-153,,
1419,,C3Z1B2/205-245,,
1420,,A0A4Z2I1P4/69-110,,
1421,,A0A4U5M0Q6/272-321,,
1422,,A0A4U5MLL3/29-74,,
1423,,A0A2P6NGU8/371-422,,
1424,,A0A507CWS4/187-234,,
1425,,A0A2P6MV87/814-868,,
1426,,A0A2P6NFY4/109-158,,
1427,,A0A2P6MW93/566-618,,
1428,,A0A226E0E8/201-250,,
1429,,A0A3M0J539/886-927,,
1430,,A0A2R8RLW7/757-798,,
1431,,A0A444V697/1182-1223,,
1432,,A0A0G2K5Q5/1066-1110,,
1433,,A0A4P9X0L9/100-157,,
1434,,A0A4P9X0L9/263-318,,
1435,,A0A553PT18/531-572,,
1436,,A0A2P6MPB9/48-96,,
1437,,A0A507FJ39/975-1028,,
1438,,A0A1D2MBY7/95-145,,
1439,,A0A1S4ERF6/223-274,,
1440,,A0A5J4NWK1/308-356,,
1441,,A0A4U5M9A6/94-141,,
1442,,A0A137PED6/5-57,,
1443,,Q9XX95/96-137,,
1444,,A0A226E5T8/98-142,,
1445,,H3H4A1/899-966,,
1446,,A0A226DX98/606-653,,
1447,,A0A1E3PJZ6/82-127,,
1448,,A0A226D416/255-299,,
1449,,A0A0R3W534/702-748,,
1450,,A0A1Y1Y1K5/371-420,,
1451,,B9FLR4/92-143,,
1452,,A0A0D7AHS9/151-198,,
1453,,Q54ZP8/365-416,,
1454,,A0A2P6NQJ2/103-142,,
1455,,A0A4X3PKF5/326-378,,
1456,,A0A4X3PKF5/477-529,,
1457,,A0A1D1W4E2/281-331,,
1458,,A0A0R3WB93/227-272,,
1459,,A0A2P6MWB4/188-246,,
1460,,A0A2P6MWB4/763-815,,
1461,,A0A2P6MW59/164-215,,
1462,,A0A2P6MWB4/976-1031,,
1463,,A0A2P6MWB4/393-446,,
1464,,A0A4U5P1I3/217-271,,
1465,,A0A401PM29/278-319,,
1466,,A0A2P4T7F7/289-329,,
1467,,V8NT68/290-330,,
1468,,A0A2G9RV43/251-291,,
1469,,A0A444U7Z9/364-406,,
1470,,F1QQ52/302-346,,
1471,,B0R0H7/96-140,,
1472,,A0A4Z2GLB9/89-133,,
1473,,F1R2I2/205-250,,
1474,,A0A444UZR7/179-219,,
1475,,A0A0V0XSC0/42-88,,
1476,,A0A165DDP9/27-78,,
1477,,A0A165PYD5/27-78,,
1478,,A0A4Z2FK40/17-76,,
1479,,A0A0R4IYG4/146-215,,
1480,,B3RP70/207-266,,
1481,,A0A177B5A2/344-403,,
1482,,A0A3M7QZT0/242-301,,
1483,,A0A1S3J4K9/237-296,,
1484,,A0A3S1BFM3/231-290,,
1485,,A0A553NDY1/246-305,,
1486,,A0A6A4XDD3/150-209,,
1487,,A0A4Z2HB92/232-291,,
1488,,A0A090LFS8/189-248,,
1489,,A0A4Z2G303/251-310,,
1490,,Q9BYU1/211-270,,
1491,,A0A2F0BLF4/84-143,,
1492,,A0A0C2FJU9/146-209,,
1493,,A0A6J8D1S3/263-322,,
1494,,A0A1D1VAN9/198-257,,
1495,,H3F002/897-956,,
1496,,A0A4U5MF85/201-260,,
1497,,A0A5B7ER20/47-94,,
1498,,Q19503/188-247,,
1499,,A0A0N4UZC0/39-98,,
1500,,A0A0B2V1B2/212-257,,
1501,,A0A4U8USR3/202-261,,
1502,,A0A0B1TTQ3/23-81,,
1503,,A0A016WJ60/180-238,,
1504,,A0A0R3PHW1/98-142,,
1505,,A0A2G9V0A6/180-224,,
1506,,A0A090LN04/183-239,,
1507,,T1EIT5/1-58,,
1508,,T1EVE2/83-140,,
1509,,T1EK93/3-54,,
1510,,T1EK76/1-58,,
1511,,T1EK75/1-52,,
1512,,T1EK92/5-54,,
1513,,T1EIT8/1-54,,
1514,,T1EHP4/3-56,,
1515,,T1EIT4/2-60,,
1516,,V3ZVH8/1-58,,
1517,,A0A210QIW5/299-353,,
1518,,K1PT65/240-298,,
1519,,A0A6J8EV79/250-306,,
1520,,A0A6J8CQI8/258-314,,
1521,,V4ACD2/134-191,,
1522,,A0A177B5M3/269-326,,
1523,,A0A5J4NT31/1467-1523,,
1524,,A0A183AB77/1147-1203,,
1525,,A0A0R3W6L4/657-713,,
1526,,A0A267FLF5/240-298,,
1527,,A0A2A2KEP4/70-129,,
1528,,J9DAV9/95-149,,
1529,,J9DQR3/92-146,,
1530,,S7W4H6/114-166,,
1531,,Q8SUB7/93-143,,
1532,,R0MHH2/95-146,,
1533,,C4VBN5/96-146,,
1534,,C4VAB0/95-146,,
1535,,L2GKC0/93-145,,
1536,,A0A1X0QCZ0/89-142,,
1537,,A0A1W0E2N8/93-145,,
1538,,A0A1X0QCY4/82-134,,
1539,,A0A437AN37/96-146,,
1540,,A0A0R0M4P4/92-143,,
1541,,A0A0R0LRI5/92-145,,
1542,,A0A1Y1ZCI3/45-97,,
1543,,A0A1Y1Z110/209-260,,
1544,,A0A058Z3L7/644-695,,
1545,,A0A0L0RVE8/658-712,,
1546,,A0A1Y2I164/157-207,,
1547,,A0A1U7LIJ6/144-196,,
1548,,M7PFU6/154-202,,
1549,,A0A1D2V8T2/93-137,,
1550,,A0A1J5WK98/127-181,,
1551,,A0A1J5X4T0/126-180,,
1552,,A0A1E3Q9Y2/108-147,,
1553,,A0A401PM29/452-503,,
1554,,A0A2P4T7F7/457-509,,
1555,,V8NT68/462-514,,
1556,,A0A444U7Z9/537-586,,
1557,,A0A4Z2F5W7/345-394,,
1558,,A0A444UG32/446-494,,
1559,,Q9Y6X8/447-495,,
1560,,A0A3M0KU56/446-496,,
1561,,V8NT63/441-490,,
1562,,A0A401NSE6/448-497,,
1563,,F1Q9L7/447-491,,
1564,,M7C1I4/482-530,,
1565,,Q8C0Q2/497-545,,
1566,,V8PEA2/475-524,,
1567,,A0A444UUF4/514-562,,
1568,,A0A401NVT0/476-524,,
1569,,F1QQ52/608-660,,
1570,,A0A4Z2EIR3/355-403,,
1571,,A0A4Z2GLB9/261-313,,
1572,,A0A444UZR7/347-399,,
1573,,F1R2I2/430-479,,
1574,,A0A401PM29/667-715,,
1575,,P70121/668-716,,
1576,,A0A2P4T7F7/659-707,,
1577,,A0A444U7Z9/741-789,,
1578,,V8NT68/657-706,,
1579,,A0A4Z2F5W7/572-623,,
1580,,A0A2G9RV43/609-657,,
1581,,A0A401NSE6/665-711,,
1582,,A0A444UUF4/693-741,,
1583,,A0A3M0KU56/636-681,,
1584,,Q9Y6X8/636-681,,
1585,,V8NT63/631-676,,
1586,,A0A1D5NUM1/750-798,,
1587,,A0A4Z2GEH1/186-233,,
1588,,A0A4Z2GIJ0/508-558,,
1589,,B0R0H7/485-535,,
1590,,A0A4Z2GLB9/508-558,,
1591,,A0A444UZR7/532-583,,
1592,,S4REF1/454-501,,
1593,,A0A401PM29/558-602,,
1594,,A0A2P4T7F7/565-609,,
1595,,Q9UKY1/576-620,,
1596,,M7ALK7/575-619,,
1597,,A0A444U7Z9/649-693,,
1598,,A0A4Z2F5W7/470-514,,
1599,,A0A401NSE6/543-587,,
1600,,A0A4Z2GEH1/108-152,,
1601,,A0A2G9RV43/528-572,,
1602,,A0A3M0KU56/537-581,,
1603,,Q9Y6X8/537-581,,
1604,,Q80VX4/537-581,,
1605,,V8NT63/531-575,,
1606,,A0A1D5NUM1/596-642,,
1607,,Q8C0Q2/615-661,,
1608,,Q9H4I2/620-666,,
1609,,M7C1I4/598-644,,
1610,,V8PEA2/592-638,,
1611,,A0A401NVT0/584-628,,
1612,,F1QQ52/741-787,,
1613,,A0A444UG32/532-577,,
1614,,A0A4Z2EKJ2/567-612,,
1615,,A0A165QPX7/73-120,,
1616,,A0A165QPW4/36-85,,
1617,,A0A0C3QK98/450-496,,
1618,,M1V6R1/463-518,,
1619,,A0A553N7Y0/1228-1280,,
1620,,R7RZG0/182-232,,
1621,,A0A226E3E4/500-547,,
1622,,T1ERI0/13-65,,
1623,,A0A2G9V579/20-61,,
1624,,A0A2P6NXN7/17-71,,
1625,,A0A2J7QLS0/132-173,,
1626,,A0A1J4KC98/189-246,,
1627,,A0A4U5ND49/147-201,,
1628,,A0A6G0UIK1/114-157,,
1629,,R7VHM4/170-221,,
1630,,A0A165DDP9/234-287,,
1631,,A0A2R5GCP1/28-86,,
1632,,Q01EF1/44-91,,
1633,,A0A4U5NGU8/358-409,,
1634,,A0A0U9HJL0/208-251,,
1635,,A0A423U0B5/567-617,,
1636,,A0A4U8V153/155-194,,
1637,,A0A0K6G2N1/18-74,,
1638,,E9G4F8/246-316,,
1639,,A0A261XY68/341-397,,
1640,,A0A433P997/396-453,,
1641,,L7Y3G1/30-80,,
1642,,A0A3M0K0U3/142-193,,
1643,,A0A2I0TVJ5/147-192,,
1644,,W4YSV0/102-158,,
1645,,A0A2P6NSJ6/134-189,,
1646,,A0A0C3GCT3/6-60,,
1647,,A0A1X6NRS8/275-325,,
1648,,A0A5B7JYB2/2-41,,
1649,,A0A4U5PED3/21-75,,
1650,,V4BDV5/34-77,,
1651,,H3E9D8/140-187,,
1652,,A0A5J4YVQ1/433-482,,
1653,,A0A0U9I6F1/633-680,,
1654,,F9X5R5/361-413,,
1655,,A0A5B8MV64/199-244,,
1656,,A0A165QPX0/75-120,,
1657,,A0A3M7R238/47-102,,
1658,,C3Z1B2/465-512,,
1659,,A0A3P7L1U7/79-118,,
1660,,A0A1J4K994/573-629,,
1661,,A0A1J4KIL5/338-394,,
1662,,A0A5B8MZN8/15-65,,
1663,,A0A3M7P4D1/366-409,,
1664,,L1JTC3/264-310,,
1665,,A0A0P0XEM8/68-123,,
1666,,A0A1D1UPU5/317-367,,
1667,,A0A2K3N5J2/59-109,,
1668,,A0A090KXK1/201-260,,
1669,,A0A090KXB5/283-340,,
1670,,K1RFS1/104-168,,
1671,,A0A210Q7G1/393-458,,
1672,,A0A090KWL5/259-316,,
1673,,T1KMQ0/11-64,,
1674,,T1KMS3/11-66,,
1675,,T1KMR8/11-66,,
1676,,T1KMQ3/11-64,,
1677,,A0A016WJM6/239-296,,
1678,,Q17792/250-307,,
1679,,A0A2A2M0X8/238-295,,
1680,,A0A226EL28/154-207,,
1681,,R7TQ32/218-271,,
1682,,V4CQS4/128-179,,
1683,,K7L532/82-141,,
1684,,A0A654F8B4/75-134,,
1685,,A0A2Z7DEE2/89-148,,
1686,,A0A2Z7ACS4/73-132,,
1687,,S8DL22/4-63,,
1688,,S8CG27/10-68,,
1689,,A0A2K3NSB5/6-66,,
1690,,A0A384KZD3/61-118,,
1691,,M0STH3/8-67,,
1692,,A0A384LML6/7-66,,
1693,,M0TLV6/7-66,,
1694,,Q5W7C3/26-85,,
1695,,K7L1F8/7-66,,
1696,,A0A2U1PTR4/16-75,,
1697,,A0A2Z7ARB3/7-66,,
1698,,A0A2U1NUU2/83-142,,
1699,,Q7XTV3/91-150,,
1700,,M0TQR5/88-147,,
1701,,A0A0P0VAA0/4-63,,
1702,,K7LPP6/30-89,,
1703,,I1M4V5/20-79,,
1704,,Q6X7K1/13-72,,
1705,,A0A2Z7C359/12-71,,
1706,,M0RLN1/17-76,,
1707,,A0A2U1LBE4/24-82,,
1708,,A0A2U1KRR5/35-95,,
1709,,K7K487/37-97,,
1710,,A0A5P1EFH4/30-90,,
1711,,A0A5S9WZ66/36-96,,
1712,,Q7XM13/34-94,,
1713,,K7LRQ0/28-88,,
1714,,A0A384KT15/22-82,,
1715,,Q8W0F1/12-72,,
1716,,A0A5P1E859/22-82,,
1717,,S8D004/7-66,,
1718,,A0A0P0WR63/3-62,,
1719,,A0A2K3ME04/52-112,,
1720,,Q6X7J5/53-113,,
1721,,A0A2K3MHL1/12-71,,
1722,,A0A2K3LVA4/26-86,,
1723,,A0A654G1Y3/19-79,,
1724,,M0RFI6/2-62,,
1725,,A0A2K3LFX8/13-71,,
1726,,A0A2K3KZ04/12-71,,
1727,,I1K7B8/83-143,,
1728,,K7MVC2/85-145,,
1729,,A0A178UZQ1/97-157,,
1730,,M0SS14/76-136,,
1731,,S8CW23/84-144,,
1732,,M0ST59/74-134,,
1733,,A0A2K1JDT2/161-221,,
1734,,D8QUI1/158-218,,
1735,,M0RG52/99-159,,
1736,,A0A178W4J5/77-137,,
1737,,A0A5S9VBS6/77-137,,
1738,,D8RWE8/115-175,,
1739,,A0A2K1ICB3/14-75,,
1740,,C1E8G9/117-177,,
1741,,A0A1Y1HP06/156-217,,
1742,,D8R3X4/27-87,,
1743,,Q00X48/134-195,,
1744,,D8S8D8/63-122,,
1745,,D8R404/59-114,,
1746,,D8QUE1/71-126,,
1747,,D8S3E7/36-95,,
1748,,D8R3W4/73-132,,
1749,,D8SF49/1-61,,
1750,,K8ELH4/356-416,,
1751,,K8F4Y0/1399-1459,,
1752,,A0A2Z6RLA1/177-224,,
1753,,A0A4U5PFA2/43-92,,
1754,,A0A433U401/290-340,,
1755,,R7QAF7/105-157,,
1756,,A0A177EKS4/4-58,,
1757,,A0A5B8MR53/510-564,,
1758,,A0A0G4J2Q5/26-66,,
1759,,T1FYZ6/47-102,,
1760,,T1ET75/222-277,,
1761,,A0A226DF10/294-353,,
1762,,R4X7W5/3-50,,
1763,,A0A2P6MTV9/80-125,,
1764,,C1E280/234-284,,
1765,,Q23269/25-68,,
1766,,A0A4V6S1E7/45-94,,
1767,,A0A553PT18/624-679,,
1768,,O76560/66-109,,
1769,,A0A3M7Q5Y5/517-565,,
1770,,A0A401PES6/84-133,,
1771,,F6U0R2/158-209,,
1772,,Q7RYM8/574-622,,
1773,,A7SPI7/116-167,,
1774,,A0A1Y1XZG2/52-108,,
1775,,A0A2A2K237/100-147,,
1776,,A0A2A2M059/101-149,,
1777,,A0A1Y3ALJ8/212-255,,
1778,,A0A0C9UNS9/104-145,,
1779,,A0A2P6P0A1/223-278,,
1780,,C3YRD4/1893-1945,,
1781,,E9HK17/128-175,,
1782,,A0A4V6XVN9/96-140,,
1783,,A0A077Z4W5/40-87,,
1784,,A0A553P9V1/189-244,,
1785,,A0A226DVI4/224-273,,
1786,,A0A0M0K645/7-49,,
1787,,A0A2P6NGS9/119-160,,
1788,,A0A5N5T3Q6/1754-1799,,
1789,,A0A2P1EKX2/44-94,,
1790,,F6S925/83-124,,
1791,,E9HAQ9/2-57,,
1792,,C3Y2K3/1365-1421,,
1793,,Q9XUG3/87-135,,
1794,,A0A437AJN6/4-58,,
1795,,O16218/250-302,,
1796,,G4T591/57-108,,
1797,,A0A1Y2I352/770-823,,
1798,,A0A164UQP5/158-198,,
1799,,D8PUQ2/144-190,,
1800,,A0A2P6NVG7/73-125,,
1801,,A0A2T7NN09/119-169,,
1802,,A0A2R6WKX6/639-687,,
1803,,A0A226DX98/703-751,,
1804,,E4Y206/78-127,,
1805,,A0A5C3QZX2/169-212,,
1806,,A0A267E254/83-125,,
1807,,L2GQ02/13-61,,
1808,,C3Z252/789-841,,
1809,,A0A4U5M0Q6/67-115,,
1810,,A0A4X3PKF5/151-201,,
1811,,W4ZFK9/19-70,,
1812,,A0A0D2WQE0/506-560,,
1813,,A0A1Y1Y1K5/29-71,,
1814,,A0A6G0V2W9/159-208,,
1815,,A0A3P7Q1S4/109-158,,
1816,,A0A4U5LXZ5/145-194,,
1817,,A0A0N4VP35/145-195,,
1818,,T1EJ85/125-175,,
1819,,T1K3L3/128-178,,
1820,,A0A267EU00/201-251,,
1821,,A0A132A0T1/92-142,,
1822,,A0A653D4F5/245-295,,
1823,,A0A5J4NMF6/139-189,,
1824,,A0A3Q0KV23/295-345,,
1825,,T1G7F5/126-176,,
1826,,A0A1X7UXL5/140-190,,
1827,,A0A4C1SWU0/137-188,,
1828,,S4S0F8/104-150,,
1829,,A0A4Z2FK62/155-205,,
1830,,B3DI74/134-184,,
1831,,V3ZUB0/129-178,,
1832,,A0A0R3W9A4/157-208,,
1833,,A0A1D1VR20/176-225,,
1834,,Q5EVG6/129-179,,
1835,,A0A090LHL3/181-231,,
1836,,T1G701/145-194,,
1837,,A7S005/125-175,,
1838,,T1G0W2/133-178,,
1839,,Q94166/143-189,,
1840,,V4AHM7/163-213,,
1841,,A0A4C1UIR1/353-403,,
1842,,J9KAV3/180-230,,
1843,,A0A1J1IEB6/264-314,,
1844,,W4YNK3/216-266,,
1845,,D3ZAJ7/152-202,,
1846,,F6NWW8/172-222,,
1847,,A0A6A4J4S1/141-191,,
1848,,A0A653DI79/258-308,,
1849,,A0A2G8L558/251-301,,
1850,,A0A2P8YNY1/208-258,,
1851,,A0A553P4X5/327-377,,
1852,,T1IVM7/178-228,,
1853,,D6WFW3/258-307,,
1854,,A0A482WUV8/155-204,,
1855,,A0A1S3DJI5/174-223,,
1856,,A0A444UXW7/177-226,,
1857,,Q5TYZ4/187-236,,
1858,,P70178/201-250,,
1859,,A0A1V9Y3V7/331-380,,
1860,,B7QJ38/216-265,,
1861,,A8DW59/13-63,,
1862,,A0A2B4S779/140-190,,
1863,,A0A3S3P409/236-285,,
1864,,A0A6J1TDX5/198-247,,
1865,,F6PRL5/227-277,,
1866,,A0A6H5IR00/129-179,,
1867,,E4XWZ8/257-307,,
1868,,A0A2A2LCN5/42-92,,
1869,,H3DWS5/191-241,,
1870,,S4S119/17-63,,
1871,,A0A4S2LTU2/170-220,,
1872,,E9GWZ5/194-245,,
1873,,A0A3P6P8H4/27-78,,
1874,,E4X385/150-201,,
1875,,A0A6G0V1S2/239-290,,
1876,,E4XRT9/195-245,,
1877,,M7BZP3/115-162,,
1878,,A0A177AVE7/259-309,,
1879,,T1K6H8/308-356,,
1880,,T1EJC9/124-174,,
1881,,A0A6A4WC69/377-426,,
1882,,A0A0R3W1K0/137-186,,
1883,,A0A183VPZ0/207-256,,
1884,,A0A5K4ELT2/127-176,,
1885,,E0VPR0/201-250,,
1886,,A0A1D2NL28/248-297,,
1887,,A0A2H1CRL7/126-176,,
1888,,A0A177AX20/194-244,,
1889,,A0A183VYH3/161-210,,
1890,,A0A3Q0KEQ9/179-226,,
1891,,A0A4U5LVM4/169-219,,
1892,,A0A2A2JFR4/85-134,,
1893,,A0A2G9UQ75/37-87,,
1894,,A0A4X3P833/131-181,,
1895,,A0A0N4UJS6/132-182,,
1896,,A0A0N4UZV3/132-182,,
1897,,A0A090L2E8/143-193,,
1898,,A0A183IKI8/133-183,,
1899,,A0A077ZAZ8/173-223,,
1900,,A0A0V0YEX1/145-195,,
1901,,O17894/224-274,,
1902,,B3SAU8/129-179,,
1903,,A0A3P7LD22/133-183,,
1904,,A0A6G0V589/1044-1095,,
1905,,A7SS98/120-165,,
1906,,A0A226DC58/455-505,,
1907,,T1G8C7/129-172,,
1908,,T1FKB2/125-166,,
1909,,A0A0C2IHT5/76-127,,
1910,,A0A4E0REM9/71-122,,
1911,,A0A1X7TAP0/168-207,,
1912,,P0CY13/44-97,,
1913,,Q5KHS7/173-220,,
1914,,A0A1Y2I3P6/445-494,,
1915,,A0A0D2WTB0/293-345,,
1916,,A0A226E378/306-357,,
1917,,E9FX59/18-69,,
1918,,C3ZGY5/672-718,,
1919,,A0A2G5BGD3/288-338,,
1920,,A0A1D1VT65/306-358,,
1921,,A0A4U8UMX2/194-240,,
1922,,F6U0R2/557-599,,
1923,,A0A4V1IVI9/2204-2256,,
1924,,A0A137NTN4/56-106,,
1925,,A0A1J4K3N8/217-275,,
1926,,A0A183EB89/33-75,,
1927,,C1EDY2/86-131,,
1928,,A0A316V421/356-399,,
1929,,A0A553PGH3/193-232,,
1930,,A0A6J8AXU6/23-65,,
1931,,A0A4U5PF50/348-390,,
1932,,A0A2P6MWB4/320-374,,
1933,,A0A507FKD1/78-123,,
1934,,A0A5B8ME69/17-81,,
1935,,H3DZ31/152-197,,
1936,,A0A0G4IZX9/13-69,,
1937,,E9G8E0/88-143,,
1938,,Q18764/129-178,,
1939,,A0A2F0BF08/208-259,,
1940,,Q9DAC9/201-250,,
1941,,A0A1X0QE78/29-85,,
1942,,A0A1Q3EIT9/11-59,,
1943,,Q22810/212-268,,
1944,,A0A1Q3EGY9/7-62,,
1945,,A0A4U5LZM6/8-55,,
1946,,A0A0K6G545/13-58,,
1947,,S4RKZ0/562-618,,
1948,,A0A1R3L5N5/49-105,,
1949,,A0A0P0VCG7/74-130,,
1950,,A0A1X6NXK7/240-287,,
1951,,A0A4U5P1I3/74-126,,
1952,,A0A1S3JHS9/229-283,,
1953,,Q3UL53/127-179,,
1954,,G3UW68/57-108,,
1955,,C3XTG7/18-75,,
1956,,C3XTG7/371-428,,
1957,,W4Y8V3/279-336,,
1958,,M7BDR3/445-502,,
1959,,A0A2K1KI08/47-107,,
1960,,F4KG06/53-110,,
1961,,Q9U2M6/351-390,,
1962,,A0A139AYL6/624-680,,
1963,,A0A5J4Z290/360-405,,
1964,,A0A4U5LZN8/25-75,,
1965,,A7S8D5/91-130,,
1966,,A0A2P6N1K5/902-944,,
1967,,R1F720/77-122,,
1968,,E9FWY6/11-60,,
1969,,A0A5B8MX88/66-117,,
1970,,A0A1C7LSD2/21-80,,
1971,,A0A5B8MR03/80-151,,
1972,,A0A5P1FAU8/13-75,,
1973,,Q67W46/13-75,,
1974,,A0A2B4S7V0/205-261,,
1975,,W3X5L3/532-584,,
1976,,A0A0F4Z8D4/667-711,,
1977,,H2XWF4/196-236,,
1978,,A0A3S1BRA0/772-821,,
1979,,A0A3M7SFU3/29-79,,
1980,,A0A6G1GDN3/701-752,,
1981,,V8NQ40/224-265,,
1982,,A0A164PI31/5-58,,
